delivery_id,order_id,delivery_date,delivered_qty
1,1,2024-02-18,7
2,2,2024-01-24,84
3,3,2024-01-21,37
4,4,2024-02-22,28
5,5,2024-02-03,206
6,6,2024-02-14,20
7,7,2024-02-07,5
8,8,2024-02-05,41
9,9,2024-02-05,8
10,10,2024-02-19,37
11,11,2024-01-10,168
12,12,2024-02-11,31
13,13,2024-02-06,37
14,14,2024-02-21,4
15,15,2024-01-17,1624
16,16,2024-02-04,13
17,17,2024-01-15,56
18,18,2024-02-14,8
19,19,2024-02-18,22
20,20,2024-02-20,8
21,21,2024-01-26,84
22,22,2024-01-17,5482
23,23,2024-02-11,17
24,24,2024-02-20,4
25,25,2024-01-23,561
26,26,2024-02-02,61
27,27,2024-02-12,14
28,28,2024-01-25,958
29,29,2024-01-30,900
30,30,2024-01-29,164
31,31,2024-02-02,115
32,32,2024-01-18,161
33,33,2024-02-17,237
34,34,2024-01-13,54
35,35,2024-02-10,103
36,36,2024-02-15,14
37,37,2024-02-04,85
38,38,2024-01-16,330
39,39,2024-01-24,148
40,40,2024-02-09,45
41,41,2024-03-01,5
42,42,2024-02-02,64
43,43,2024-02-01,67
44,44,2024-02-18,77
45,45,2024-03-05,12
46,46,2024-01-18,649
47,47,2024-02-03,70
48,48,2024-02-13,25
49,49,2024-01-27,246
50,50,2024-01-15,648
51,51,2024-03-11,13
52,52,2024-02-06,47
53,53,2024-02-06,102
54,54,2024-02-04,50
55,55,2024-02-02,25
56,56,2024-02-29,6
57,57,2024-01-24,42
58,58,2024-01-21,136
59,59,2024-02-07,86
60,60,2024-02-08,39
61,61,2024-02-09,169
62,62,2024-02-03,35
63,63,2024-02-25,6
64,64,2024-03-01,14
65,65,2024-02-11,140
66,66,2024-02-10,84
67,67,2024-03-04,60
68,68,2024-01-19,167
69,69,2024-01-24,1206
70,70,2024-03-11,28
71,71,2024-02-05,441
72,72,2024-02-23,30
73,73,2024-02-09,207
74,74,2024-01-27,129
75,75,2024-01-30,409
76,76,2024-02-09,93
77,77,2024-02-07,281
78,78,2024-03-07,4
79,79,2024-02-10,175
80,80,2024-02-13,16
81,81,2024-03-10,18
82,82,2024-02-04,270
83,83,2024-02-17,84
84,84,2024-03-06,35
85,85,2024-03-05,39
86,86,2024-02-05,78
87,87,2024-01-26,242
88,88,2024-02-26,50
89,89,2024-03-11,5
90,90,2024-03-18,209
91,91,2024-03-01,26
92,92,2024-03-21,6
93,93,2024-03-01,6
94,94,2024-03-08,59
95,95,2024-03-07,29
96,96,2024-01-31,77
97,97,2024-02-23,38
98,98,2024-03-11,8
99,99,2024-02-19,156
100,100,2024-02-23,15
101,101,2024-02-19,160
102,102,2024-02-29,50
103,103,2024-02-19,118
104,104,2024-02-04,147
105,105,2024-03-07,14
106,106,2024-02-11,3342
107,107,2024-02-26,107
108,108,2024-03-06,6
109,109,2024-02-05,133
110,110,2024-02-05,393
111,111,2024-02-27,80
112,112,2024-02-18,92
113,113,2024-02-23,43
114,114,2024-02-16,1925
115,115,2024-03-14,5
116,116,2024-02-20,146
117,117,2024-03-05,56
118,118,2024-03-04,21
119,119,2024-02-08,400
120,120,2024-02-23,176
121,121,2024-02-24,259
122,122,2024-03-03,62
123,123,2024-03-18,125
124,124,2024-02-21,118
125,125,2024-02-05,610
126,126,2024-02-29,75
127,127,2024-03-10,38
128,128,2024-03-09,33
129,129,2024-03-05,94
130,130,2024-03-10,23
131,131,2024-03-20,7
132,132,2024-03-18,1
133,133,2024-03-05,62
134,134,2024-03-21,62
135,135,2024-03-17,28
136,136,2024-02-17,78
137,137,2024-02-22,10
138,138,2024-02-29,79
139,139,2024-03-21,27
140,140,2024-04-02,12
141,141,2024-03-03,87
142,142,2024-03-17,92
143,143,2024-03-01,73
144,144,2024-03-06,99
145,145,2024-02-20,754
146,146,2024-02-26,93
147,147,2024-03-05,66
148,148,2024-02-20,487
149,149,2024-02-23,1191
150,150,2024-02-23,195
151,151,2024-03-20,11
152,152,2024-04-14,74
153,153,2024-03-05,22
154,154,2024-03-14,8
155,155,2024-02-19,169
156,156,2024-03-20,89
157,157,2024-02-20,306
158,158,2024-02-17,2770
159,159,2024-03-11,112
160,160,2024-03-11,163
161,161,2024-03-03,623
162,162,2024-02-20,548
163,163,2024-03-19,336
164,164,2024-03-19,10
165,165,2024-03-29,37
166,166,2024-03-26,90
167,167,2024-04-06,28
168,168,2024-03-01,201
169,169,2024-03-26,61
170,170,2024-03-02,115
171,171,2024-03-30,48
172,172,2024-04-04,5
173,173,2024-02-23,558
174,174,2024-03-31,71
175,175,2024-03-14,41
176,176,2024-02-20,341
177,177,2024-03-20,145
178,178,2024-03-18,239
179,179,2024-02-20,139
180,180,2024-03-04,53
181,181,2024-03-01,859
182,182,2024-04-06,15
183,183,2024-04-02,29
184,184,2024-04-18,191
185,185,2024-03-24,20
186,186,2024-03-23,506
187,187,2024-03-19,198
188,188,2024-03-12,173
189,189,2024-04-14,36
190,190,2024-02-28,197
191,191,2024-03-15,130
192,192,2024-02-21,270
193,193,2024-03-12,103
194,194,2024-03-16,214
195,195,2024-04-01,44
196,196,2024-03-09,2038
197,197,2024-03-25,31
198,198,2024-02-29,727
199,199,2024-03-17,64
200,200,2024-03-19,131
201,201,2024-03-13,65
202,202,2024-03-09,388
203,203,2024-03-01,98
204,204,2024-03-18,139
205,205,2024-03-05,52
206,206,2024-03-16,111
207,207,2024-03-13,199
208,208,2024-03-13,292
209,209,2024-04-12,32
210,210,2024-05-02,11
211,211,2024-03-26,85
212,212,2024-03-10,1348
213,213,2024-04-21,25
214,214,2024-04-27,25
215,215,2024-03-13,680
216,216,2024-03-09,2822
217,217,2024-03-05,316
218,218,2024-04-14,213
219,219,2024-04-23,277
220,220,2024-03-26,263
221,221,2024-03-27,111
222,222,2024-03-29,210
223,223,2024-03-23,90
224,224,2024-03-15,643
225,225,2024-04-17,19
226,226,2024-04-07,35
227,227,2024-03-30,41
228,228,2024-04-12,52
229,229,2024-03-13,818
230,230,2024-03-07,164
231,231,2024-03-14,2452
232,232,2024-04-14,36
233,233,2024-04-03,50
234,234,2024-04-19,41
235,235,2024-05-01,6
236,236,2024-04-01,114
237,237,2024-03-15,139
238,238,2024-03-10,1021
239,239,2024-03-14,209
240,240,2024-04-10,59
241,241,2024-03-19,13631
242,242,2024-04-21,39
243,243,2024-04-01,37
244,244,2024-04-09,8
245,245,2024-03-24,353
246,246,2024-03-30,45
247,247,2024-04-25,15
248,248,2024-04-07,14
249,249,2024-04-13,20
250,250,2024-05-14,10
251,251,2024-03-23,586
252,252,2024-03-19,774
253,253,2024-03-22,123
254,254,2024-04-10,23
255,255,2024-04-26,13
256,256,2024-04-09,56
257,257,2024-03-27,108
258,258,2024-03-22,209
259,259,2024-04-25,75
260,260,2024-04-24,14
261,261,2024-04-30,12
262,262,2024-03-22,1520
263,263,2024-05-08,30
264,264,2024-03-15,159
265,265,2024-03-23,254
266,266,2024-03-31,244
267,267,2024-05-12,20
268,268,2024-03-29,148
269,269,2024-03-20,242
270,270,2024-04-28,46
271,271,2024-04-19,6
272,272,2024-04-02,120
273,273,2024-04-08,248
274,274,2024-04-10,35
275,275,2024-04-20,21
276,276,2024-03-18,568
277,277,2024-04-22,13
278,278,2024-04-03,836
279,279,2024-04-13,61
280,280,2024-04-08,178
281,281,2024-04-02,66
282,282,2024-04-13,31
283,283,2024-03-28,461
284,284,2024-04-27,18
285,285,2024-04-10,76
286,286,2024-05-02,56
287,287,2024-03-26,109
288,288,2024-04-03,94
289,289,2024-03-29,141
290,290,2024-04-18,3574
291,291,2024-05-03,21
292,292,2024-04-22,30
293,293,2024-04-06,79
294,294,2024-05-22,51
295,295,2024-04-14,221
296,296,2024-04-18,115
297,297,2024-04-22,31
298,298,2024-04-20,24
299,299,2024-04-28,28
300,300,2024-04-11,35
301,301,2024-05-10,10
302,302,2024-04-21,268
303,303,2024-05-16,10
304,304,2024-04-26,29
305,305,2024-04-03,901
306,306,2024-04-05,234
307,307,2024-04-11,127
308,308,2024-04-01,179
309,309,2024-04-23,45
310,310,2024-04-22,1049
311,311,2024-04-03,264
312,312,2024-05-25,8
313,313,2024-04-07,91
314,314,2024-04-13,3891
315,315,2024-04-11,317
316,316,2024-04-24,37
317,317,2024-04-13,377
318,318,2024-04-04,2284
319,319,2024-03-31,45
320,320,2024-04-17,4565
321,321,2024-06-01,4
322,322,2024-05-13,16
323,323,2024-04-06,122
324,324,2024-04-08,273
325,325,2024-04-05,492
326,326,2024-04-17,175
327,327,2024-04-11,572
328,328,2024-05-25,16
329,329,2024-05-14,3
330,330,2024-05-31,12
331,331,2024-04-25,73
332,332,2024-05-23,10
333,333,2024-04-19,222
334,334,2024-04-24,29
335,335,2024-05-19,15
336,336,2024-04-15,248
337,337,2024-05-02,28
338,338,2024-05-18,43
339,339,2024-05-12,61
340,340,2024-05-20,20
341,341,2024-05-05,4
342,342,2024-04-11,453
343,343,2024-04-13,36
344,344,2024-05-22,11
345,345,2024-04-21,2010
346,346,2024-04-12,92
347,347,2024-04-13,197
348,348,2024-05-19,74
349,349,2024-04-19,399
350,350,2024-05-29,67
351,351,2024-05-13,55
352,352,2024-05-28,35
353,353,2024-04-30,134
354,354,2024-05-31,14
355,355,2024-04-28,161
356,356,2024-04-18,72
357,357,2024-05-22,42
358,358,2024-05-18,41
359,359,2024-04-15,979
360,360,2024-04-14,157
361,361,2024-04-18,80
362,362,2024-05-03,318
363,363,2024-04-20,434
364,364,2024-04-23,147
365,365,2024-04-24,1273
366,366,2024-05-26,83
367,367,2024-04-27,487
368,368,2024-04-25,97
369,369,2024-06-04,19
370,370,2024-04-19,2584
371,371,2024-05-18,373
372,372,2024-04-17,2813
373,373,2024-05-10,285
374,374,2024-04-20,78
375,375,2024-04-22,87
376,376,2024-05-03,1288
377,377,2024-05-24,17
378,378,2024-05-08,216
379,379,2024-04-25,1975
380,380,2024-05-12,87
381,381,2024-04-24,75
382,382,2024-06-11,3
383,383,2024-05-11,142
384,384,2024-06-11,86
385,385,2024-05-28,16
386,386,2024-06-01,36
387,387,2024-06-12,42
388,388,2024-05-28,17
389,389,2024-04-30,53
390,390,2024-05-02,125
391,391,2024-06-03,4
392,392,2024-05-11,100
393,393,2024-05-13,100
394,394,2024-05-06,420
395,395,2024-04-30,467
396,396,2024-06-09,1
397,397,2024-05-22,42
398,398,2024-05-17,75
399,399,2024-05-26,25
400,400,2024-05-17,71
401,401,2024-05-08,2544
402,402,2024-05-19,30
403,403,2024-04-26,461
404,404,2024-05-01,617
405,405,2024-05-26,8
406,406,2024-06-09,7
407,407,2024-05-26,1213
408,408,2024-05-04,2950
409,409,2024-05-02,98
410,410,2024-05-25,31
411,411,2024-06-11,35
412,412,2024-05-17,663
413,413,2024-06-01,66
414,414,2024-05-03,115
415,415,2024-05-26,1194
416,416,2024-05-07,923
417,417,2024-05-21,90
418,418,2024-05-16,339
419,419,2024-05-18,399
420,420,2024-05-23,11
421,421,2024-05-03,651
422,422,2024-06-18,4
423,423,2024-06-20,12
424,424,2024-05-10,81
425,425,2024-05-27,77
426,426,2024-06-21,166
427,427,2024-06-05,60
428,428,2024-05-29,53
429,429,2024-05-29,96
430,430,2024-06-11,10
431,431,2024-06-16,6
432,432,2024-06-04,56
433,433,2024-05-29,180
434,434,2024-06-18,44
435,435,2024-06-22,12
436,436,2024-06-06,13
437,437,2024-05-15,227
438,438,2024-05-26,257
439,439,2024-06-21,18
440,440,2024-06-24,23
441,441,2024-06-01,59
442,442,2024-05-24,121
443,443,2024-06-11,18
444,444,2024-05-19,91
445,445,2024-06-16,107
446,446,2024-06-20,76
447,447,2024-06-12,22
448,448,2024-05-20,206
449,449,2024-06-16,13
450,450,2024-05-20,95
451,451,2024-06-16,77
452,452,2024-05-23,233
453,453,2024-05-13,274
454,454,2024-06-22,16
455,455,2024-05-19,60
456,456,2024-05-20,301
457,457,2024-05-30,43
458,458,2024-06-09,205
459,459,2024-06-30,10
460,460,2024-06-07,102
461,461,2024-06-05,21
462,462,2024-05-21,117
463,463,2024-07-01,9
464,464,2024-06-10,21
465,465,2024-05-26,766
466,466,2024-05-28,374
467,467,2024-07-25,6
468,468,2024-07-02,6
469,469,2024-07-01,15
470,470,2024-06-16,20
471,471,2024-06-16,22
472,472,2024-05-25,545
473,473,2024-06-09,214
474,474,2024-07-23,33
475,475,2024-06-12,53
476,476,2024-06-20,10
477,477,2024-06-30,36
478,478,2024-05-24,239
479,479,2024-06-07,76
480,480,2024-05-18,296
481,481,2024-05-29,512
482,482,2024-05-22,110
483,483,2024-07-16,25
484,484,2024-06-03,135
485,485,2024-05-26,1346
486,486,2024-05-31,1001
487,487,2024-07-05,27
488,488,2024-05-27,398
489,489,2024-05-27,176
490,490,2024-06-19,62
491,491,2024-07-11,7
492,492,2024-06-12,222
493,493,2024-05-30,66
494,494,2024-06-17,167
495,495,2024-06-18,102
496,496,2024-06-16,25
497,497,2024-06-09,45
498,498,2024-06-15,210
499,499,2024-06-18,61
500,500,2024-06-29,25
501,501,2024-06-25,16
502,502,2024-07-02,63
503,503,2024-07-12,15
504,504,2024-07-28,5
505,505,2024-07-08,9
506,506,2024-05-30,117
507,507,2024-07-03,12
508,508,2024-06-09,64
509,509,2024-07-07,15
510,510,2024-06-04,2920
511,511,2024-07-11,16
512,512,2024-06-06,364
513,513,2024-07-12,11
514,514,2024-06-21,67
515,515,2024-07-17,9
516,516,2024-05-28,583
517,517,2024-06-18,50
518,518,2024-06-06,40
519,519,2024-07-11,25
520,520,2024-06-04,1149
521,521,2024-06-05,776
522,522,2024-06-21,351
523,523,2024-05-30,258
524,524,2024-06-11,3380
525,525,2024-06-20,68
526,526,2024-06-26,124
527,527,2024-06-26,52
528,528,2024-07-11,38
529,529,2024-06-25,368
530,530,2024-06-01,165
531,531,2024-06-12,81
532,532,2024-07-06,31
533,533,2024-06-23,117
534,534,2024-06-27,124
535,535,2024-07-18,83
536,536,2024-06-19,269
537,537,2024-07-12,14
538,538,2024-06-22,50
539,539,2024-07-01,34
540,540,2024-06-18,63
541,541,2024-06-24,128
542,542,2024-06-13,680
543,543,2024-06-25,56
544,544,2024-06-14,2955
545,545,2024-06-12,905
546,546,2024-06-02,486
547,547,2024-06-10,833
548,548,2024-07-23,18
549,549,2024-06-08,98
550,550,2024-06-04,337
551,551,2024-07-13,23
552,552,2024-07-11,51
553,553,2024-07-10,89
554,554,2024-07-18,7
555,555,2024-06-08,155
556,556,2024-07-10,58
557,557,2024-07-10,47
558,558,2024-07-23,3
559,559,2024-06-19,6717
560,560,2024-06-29,23
561,561,2024-06-29,165
562,562,2024-07-16,42
563,563,2024-07-24,25
564,564,2024-07-28,3
565,565,2024-08-02,9
566,566,2024-07-18,48
567,567,2024-06-16,108
568,568,2024-06-13,172
569,569,2024-07-13,18
570,570,2024-06-18,126
571,571,2024-06-22,2759
572,572,2024-06-21,4897
573,573,2024-06-16,57
574,574,2024-06-26,201
575,575,2024-06-28,91
576,576,2024-06-15,288
577,577,2024-06-21,463
578,578,2024-07-31,10
579,579,2024-07-14,110
580,580,2024-07-30,36
581,581,2024-07-10,142
582,582,2024-07-20,73
583,583,2024-08-22,16
584,584,2024-08-04,23
585,585,2024-07-21,18
586,586,2024-07-30,13
587,587,2024-07-08,57
588,588,2024-06-22,69
589,589,2024-07-07,92
590,590,2024-07-27,65
591,591,2024-06-21,37
592,592,2024-06-22,4833
593,593,2024-07-03,61
594,594,2024-07-07,55
595,595,2024-07-17,19
596,596,2024-06-30,5665
597,597,2024-08-02,8
598,598,2024-07-10,79
599,599,2024-08-06,6
600,600,2024-07-13,30
601,601,2024-07-10,75
602,602,2024-07-17,40
603,603,2024-08-29,22
604,604,2024-07-02,462
605,605,2024-08-12,11
606,606,2024-07-04,250
607,607,2024-08-07,33
608,608,2024-08-14,8
609,609,2024-07-25,52
610,610,2024-08-06,207
611,611,2024-07-02,58
612,612,2024-07-18,78
613,613,2024-08-21,17
614,614,2024-07-24,64
615,615,2024-07-06,36
616,616,2024-07-05,612
617,617,2024-07-27,22
618,618,2024-08-06,20
619,619,2024-08-11,1
620,620,2024-07-27,173
621,621,2024-08-06,15
622,622,2024-07-08,525
623,623,2024-08-15,6
624,624,2024-07-19,18
625,625,2024-07-07,275
626,626,2024-07-29,31
627,627,2024-07-24,53
628,628,2024-07-25,75
629,629,2024-08-14,11
630,630,2024-07-11,310
631,631,2024-07-16,4586
632,632,2024-07-31,248
633,633,2024-07-20,830
634,634,2024-07-23,220
635,635,2024-08-04,3
636,636,2024-08-25,232
637,637,2024-07-12,96
638,638,2024-08-16,123
639,639,2024-08-15,107
640,640,2024-08-11,10
641,641,2024-07-29,233
642,642,2024-07-21,168
643,643,2024-08-18,48
644,644,2024-08-22,5
645,645,2024-08-14,30
646,646,2024-07-19,694
647,647,2024-07-17,104
648,648,2024-07-17,1427
649,649,2024-08-26,59
650,650,2024-07-12,682
651,651,2024-07-30,100
652,652,2024-07-22,7904
653,653,2024-07-22,303
654,654,2024-08-27,8
655,655,2024-08-25,41
656,656,2024-07-25,300
657,657,2024-07-27,98
658,658,2024-08-23,12
659,659,2024-08-11,14
660,660,2024-08-25,93
661,661,2024-08-04,103
662,662,2024-09-01,35
663,663,2024-07-21,85
664,664,2024-08-29,8
665,665,2024-09-11,4
666,666,2024-08-09,181
667,667,2024-08-26,14
668,668,2024-07-22,185
669,669,2024-08-04,285
670,670,2024-08-02,36
671,671,2024-08-25,143
672,672,2024-08-18,89
673,673,2024-09-29,7
674,674,2024-08-28,49
675,675,2024-07-30,2295
676,676,2024-08-11,228
677,677,2024-09-05,66
678,678,2024-08-19,53
679,679,2024-08-09,146
680,680,2024-07-26,240
681,681,2024-07-22,105
682,682,2024-07-22,61
683,683,2024-08-09,110
684,684,2024-08-19,37
685,685,2024-09-05,5
686,686,2024-09-05,6
687,687,2024-08-11,111
688,688,2024-09-22,11
689,689,2024-08-12,70
690,690,2024-09-23,37
691,691,2024-08-24,18
692,692,2024-08-12,39
693,693,2024-07-25,156
694,694,2024-08-19,86
695,695,2024-07-31,1148
696,696,2024-08-01,98
697,697,2024-08-28,25
698,698,2024-07-28,1766
699,699,2024-09-08,15
700,700,2024-09-03,129
701,701,2024-09-09,36
702,702,2024-08-15,86
703,703,2024-07-29,291
704,704,2024-08-20,33
705,705,2024-08-30,918
706,706,2024-08-03,347
707,707,2024-09-06,31
708,708,2024-09-08,38
709,709,2024-09-07,51
710,710,2024-08-06,565
711,711,2024-08-23,143
712,712,2024-09-06,24
713,713,2024-08-13,4932
714,714,2024-08-12,245
715,715,2024-08-01,183
716,716,2024-09-10,55
717,717,2024-09-11,51
718,718,2024-08-06,82
719,719,2024-08-07,1517
720,720,2024-08-07,45
721,721,2024-09-03,15
722,722,2024-10-05,78
723,723,2024-08-29,31
724,724,2024-08-21,217
725,725,2024-08-18,138
726,726,2024-08-11,166
727,727,2024-08-25,105
728,728,2024-09-15,6
729,729,2024-08-25,223
730,730,2024-08-15,955
731,731,2024-09-12,55
732,732,2024-08-28,15
733,733,2024-09-06,9
734,734,2024-09-22,49
735,735,2024-08-10,96
736,736,2024-09-18,7
737,737,2024-09-02,42
738,738,2024-08-10,131
739,739,2024-09-21,25
740,740,2024-09-22,51
741,741,2024-09-09,56
742,742,2024-08-16,232
743,743,2024-08-12,204
744,744,2024-08-16,1432
745,745,2024-09-04,36
746,746,2024-08-10,288
747,747,2024-08-30,54
748,748,2024-08-18,2932
749,749,2024-09-11,6
750,750,2024-09-17,30
751,751,2024-09-02,36
752,752,2024-08-24,1036
753,753,2024-09-26,23
754,754,2024-09-13,21
755,755,2024-09-07,79
756,756,2024-08-27,43
757,757,2024-08-26,389
758,758,2024-10-12,8
759,759,2024-09-15,6
760,760,2024-08-25,53
761,761,2024-08-25,324
762,762,2024-09-04,197
763,763,2024-09-01,1233
764,764,2024-09-18,309
765,765,2024-09-23,10
766,766,2024-09-10,78
767,767,2024-09-02,34
768,768,2024-10-04,76
769,769,2024-08-30,1275
770,770,2024-09-22,7
771,771,2024-09-17,17
772,772,2024-08-30,1125
773,773,2024-09-28,50
774,774,2024-10-07,2
775,775,2024-08-26,81
776,776,2024-09-14,140
777,777,2024-09-10,148
778,778,2024-09-26,65
779,779,2024-08-28,351
780,780,2024-09-21,40
781,781,2024-09-29,51
782,782,2024-08-31,683
783,783,2024-10-04,13
784,784,2024-09-11,60
785,785,2024-09-14,682
786,786,2024-09-11,37
787,787,2024-09-15,151
788,788,2024-09-16,112
789,789,2024-10-11,65
790,790,2024-09-06,154
791,791,2024-08-28,100
792,792,2024-08-31,301
793,793,2024-09-24,14
794,794,2024-09-23,17
795,795,2024-09-19,257
796,796,2024-10-01,38
797,797,2024-09-20,368
798,798,2024-09-22,141
799,799,2024-09-06,607
800,800,2024-09-30,3
801,801,2024-10-05,31
802,802,2024-09-03,331
803,803,2024-10-08,71
804,804,2024-10-01,52
805,805,2024-09-10,500
806,806,2024-10-10,25
807,807,2024-09-07,259
808,808,2024-10-01,107
809,809,2024-09-08,650
810,810,2024-09-06,5168
811,811,2024-09-16,234
812,812,2024-09-16,49
813,813,2024-09-24,434
814,814,2024-10-03,14
815,815,2024-09-26,109
816,816,2024-09-18,40
817,817,2024-09-04,616
818,818,2024-09-11,1926
819,819,2024-09-18,468
820,820,2024-09-12,317
821,821,2024-09-06,1828
822,822,2024-10-01,101
823,823,2024-10-01,79
824,824,2024-09-06,76
825,825,2024-10-26,62
826,826,2024-09-13,174
827,827,2024-09-03,313
828,828,2024-09-24,39
829,829,2024-09-28,98
830,830,2024-10-12,7
831,831,2024-09-09,234
832,832,2024-10-11,33
833,833,2024-10-16,50
834,834,2024-10-21,25
835,835,2024-09-27,24
836,836,2024-09-12,1030
837,837,2024-10-14,48
838,838,2024-09-26,269
839,839,2024-11-01,8
840,840,2024-09-26,185
841,841,2024-10-30,114
842,842,2024-09-14,103
843,843,2024-09-30,573
844,844,2024-10-28,19
845,845,2024-09-26,163
846,846,2024-11-18,15
847,847,2024-09-10,725
848,848,2024-10-14,29
849,849,2024-10-07,42
850,850,2024-11-05,155
851,851,2024-10-26,235
852,852,2024-10-28,11
853,853,2024-10-16,128
854,854,2024-10-11,123
855,855,2024-10-05,76
856,856,2024-11-01,14
857,857,2024-10-22,59
858,858,2024-09-19,97
859,859,2024-09-20,41
860,860,2024-10-11,16
861,861,2024-10-29,6
862,862,2024-10-10,55
863,863,2024-09-29,1229
864,864,2024-09-20,150
865,865,2024-10-13,28
866,866,2024-10-29,330
867,867,2024-10-10,49
868,868,2024-10-11,251
869,869,2024-09-23,329
870,870,2024-11-01,69
871,871,2024-09-25,176
872,872,2024-10-02,940
873,873,2024-09-27,216
874,874,2024-10-10,822
875,875,2024-09-24,338
876,876,2024-10-28,58
877,877,2024-10-06,89
878,878,2024-11-23,18
879,879,2024-10-25,15
880,880,2024-10-19,22
881,881,2024-10-02,1863
882,882,2024-10-06,150
883,883,2024-11-01,94
884,884,2024-09-30,2259
885,885,2024-10-08,46
886,886,2024-09-27,260
887,887,2024-10-14,36
888,888,2024-11-14,61
889,889,2024-10-02,3929
890,890,2024-10-25,22
891,891,2024-10-03,119
892,892,2024-10-19,67
893,893,2024-11-05,8
894,894,2024-10-04,143
895,895,2024-10-04,454
896,896,2024-10-26,42
897,897,2024-10-29,29
898,898,2024-10-03,176
899,899,2024-12-31,108
900,900,2024-10-07,182
901,901,2024-10-25,66
902,902,2024-10-26,229
903,903,2024-10-21,215
904,904,2024-11-03,15
905,905,2024-10-24,55
906,906,2024-11-17,7
907,907,2024-10-05,112
908,908,2024-10-10,141
909,909,2024-10-05,382
910,910,2024-11-21,11
911,911,2024-10-25,77
912,912,2024-10-28,44
913,913,2024-10-25,55
914,914,2024-11-18,61
915,915,2024-10-27,55
916,916,2024-11-17,25
917,917,2024-11-08,24
918,918,2024-10-08,106
919,919,2024-11-09,12
920,920,2024-11-04,20
921,921,2024-10-11,68
922,922,2024-10-11,1459
923,923,2024-10-08,1881
924,924,2024-10-31,217
925,925,2024-10-30,167
926,926,2024-11-22,14
927,927,2024-10-27,167
928,928,2024-11-09,7
929,929,2024-10-25,71
930,930,2024-10-15,111
931,931,2024-11-22,27
932,932,2024-11-19,5
933,933,2024-10-28,219
934,934,2024-11-15,39
935,935,2024-10-19,58
936,936,2024-10-16,217
937,937,2024-11-19,16
938,938,2024-10-17,4147
939,939,2024-10-18,84
940,940,2024-11-07,51
941,941,2024-11-06,97
942,942,2024-10-30,178
943,943,2024-11-17,8
944,944,2024-11-23,34
945,945,2024-11-19,120
946,946,2024-10-31,302
947,947,2024-10-23,1244
948,948,2024-10-20,401
949,949,2024-10-22,1124
950,950,2024-11-13,21
951,951,2024-11-04,70
952,952,2024-11-12,23
953,953,2024-11-10,108
954,954,2024-10-29,399
955,955,2024-11-22,65
956,956,2024-11-08,94
957,957,2024-11-19,26
958,958,2024-10-23,117
959,959,2024-11-04,428
960,960,2024-11-18,41
961,961,2024-11-29,10
962,962,2024-11-20,31
963,963,2024-12-03,22
964,964,2024-11-05,72
965,965,2024-11-11,762
966,966,2024-11-02,1923
967,967,2024-11-01,1468
968,968,2024-11-20,5
969,969,2024-11-15,19
970,970,2024-12-13,7
971,971,2024-11-07,1833
972,972,2024-11-01,887
973,973,2024-12-25,8
974,974,2024-11-29,3
975,975,2024-11-13,43
976,976,2024-12-09,11
977,977,2025-01-09,8
978,978,2024-10-27,227
979,979,2024-10-27,212
980,980,2024-11-07,1635
981,981,2024-11-04,543
982,982,2024-11-17,100
983,983,2024-12-06,10
984,984,2024-11-02,320
985,985,2024-11-24,156
986,986,2024-12-15,16
987,987,2024-11-02,33
988,988,2024-12-05,8
989,989,2024-11-03,163
990,990,2024-12-05,104
991,991,2024-11-15,76
992,992,2024-11-23,22
993,993,2024-11-20,80
994,994,2024-12-11,45
995,995,2024-12-05,2
996,996,2024-11-29,117
997,997,2024-11-08,101
998,998,2024-11-22,129
999,999,2024-11-23,69
1000,1000,2024-11-26,39
1001,1001,2024-11-09,329
1002,1002,2024-11-24,158
1003,1003,2024-11-17,44
1004,1004,2024-12-10,41
1005,1005,2024-12-18,13
1006,1006,2024-12-14,25
1007,1007,2024-12-06,16
1008,1008,2024-12-10,31
1009,1009,2024-12-13,517
1010,1010,2024-11-04,132
1011,1011,2024-12-05,820
1012,1012,2024-12-12,15
1013,1013,2024-11-10,357
1014,1014,2024-11-07,193
1015,1015,2024-11-13,300
1016,1016,2024-11-29,115
1017,1017,2024-12-08,6
1018,1018,2024-12-02,21
1019,1019,2024-11-26,45
1020,1020,2024-12-06,107
1021,1021,2024-12-05,3
1022,1022,2024-12-31,4
1023,1023,2025-01-12,32
1024,1024,2024-11-14,1568
1025,1025,2024-11-18,2020
1026,1026,2024-12-11,173
1027,1027,2024-12-03,20
1028,1028,2024-11-11,149
1029,1029,2024-12-26,25
1030,1030,2024-12-18,41
1031,1031,2024-12-29,89
1032,1032,2024-11-24,1273
1033,1033,2024-12-11,19
1034,1034,2025-01-13,10
1035,1035,2024-12-05,402
1036,1036,2024-12-01,87
1037,1037,2024-11-20,2598
1038,1038,2024-11-12,482
1039,1039,2024-11-19,3228
1040,1040,2024-11-30,108
1041,1041,2024-11-28,3741
1042,1042,2024-11-19,1738
1043,1043,2024-12-04,35
1044,1044,2024-12-04,142
1045,1045,2024-12-10,25
1046,1046,2024-12-09,14
1047,1047,2024-12-06,301
1048,1048,2024-12-09,117
1049,1049,2024-11-30,353
1050,1050,2024-11-23,453
1051,1051,2025-01-01,5
1052,1052,2024-11-30,34
1053,1053,2024-12-17,84
1054,1054,2024-12-24,6
1055,1055,2024-12-31,46
1056,1056,2024-12-30,13
1057,1057,2024-11-28,135
1058,1058,2024-12-16,84
1059,1059,2024-12-07,174
1060,1060,2024-12-11,79
1061,1061,2024-12-19,12
1062,1062,2024-11-24,58
1063,1063,2024-11-28,222
1064,1064,2024-12-17,101
1065,1065,2024-12-26,111
1066,1066,2024-12-25,2
1067,1067,2025-01-08,42
1068,1068,2024-11-30,1068
1069,1069,2024-12-20,35
1070,1070,2024-11-28,216
1071,1071,2024-12-17,182
1072,1072,2024-11-26,131
1073,1073,2024-12-15,109
1074,1074,2024-12-04,47
1075,1075,2024-12-12,42
1076,1076,2024-12-20,124
1077,1077,2025-01-03,18
1078,1078,2024-12-17,114
1079,1079,2024-12-16,130
1080,1080,2024-12-21,57
1081,1081,2024-12-07,11
1082,1082,2024-12-01,272
1083,1083,2024-12-20,106
1084,1084,2024-12-12,209
1085,1085,2024-12-10,65
1086,1086,2024-12-01,439
1087,1087,2024-12-06,1781
1088,1088,2025-01-12,46
1089,1089,2024-12-04,65
1090,1090,2024-12-03,858
1091,1091,2024-11-23,68
1092,1092,2024-12-17,129
1093,1093,2024-12-10,213
1094,1094,2025-01-09,9
1095,1095,2024-12-28,5
1096,1096,2025-01-08,52
1097,1097,2024-12-16,402
1098,1098,2024-12-06,2128
1099,1099,2024-12-08,180
1100,1100,2024-12-12,167
1101,1101,2024-12-16,445
1102,1102,2024-12-18,63
1103,1103,2024-12-11,251
1104,1104,2024-12-05,145
1105,1105,2024-12-13,99
1106,1106,2025-01-15,27
1107,1107,2024-12-13,15
1108,1108,2024-12-03,422
1109,1109,2024-12-21,200
1110,1110,2024-12-24,52
1111,1111,2024-12-20,89
1112,1112,2024-12-16,152
1113,1113,2025-02-27,7
1114,1114,2024-12-13,1291
1115,1115,2025-01-17,12
1116,1116,2025-01-14,5
1117,1117,2024-12-24,17
1118,1118,2024-12-20,745
1119,1119,2024-12-07,104
1120,1120,2025-01-22,24
1121,1121,2025-01-26,10
1122,1122,2025-01-20,13
1123,1123,2024-12-25,111
1124,1124,2025-01-25,90
1125,1125,2024-12-24,1400
1126,1126,2024-12-23,4243
1127,1127,2025-01-08,26
1128,1128,2025-01-08,14
1129,1129,2025-01-25,4
1130,1130,2025-01-07,59
1131,1131,2024-12-13,479
1132,1132,2025-01-05,56
1133,1133,2025-02-02,12
1134,1134,2024-12-23,147
1135,1135,2024-12-30,144
1136,1136,2025-01-29,14
1137,1137,2024-12-10,187
1138,1138,2025-01-09,7
1139,1139,2025-01-26,23
1140,1140,2024-12-14,305
1141,1141,2025-01-01,53
1142,1142,2025-01-08,34
1143,1143,2025-01-18,24
1144,1144,2025-01-18,61
1145,1145,2025-01-13,31
1146,1146,2024-12-21,192
1147,1147,2025-01-04,117
1148,1148,2025-01-04,27
1149,1149,2025-01-30,22
1150,1150,2025-01-18,13
1151,1151,2024-12-20,3824
1152,1152,2025-01-07,90
1153,1153,2024-12-23,1215
1154,1154,2025-01-24,17
1155,1155,2024-12-31,160
1156,1156,2024-12-29,1505
1157,1157,2025-01-26,3
1158,1158,2025-01-03,25
1159,1159,2025-01-08,38
1160,1160,2025-01-25,21
1161,1161,2025-01-18,54
1162,1162,2025-01-08,164
1163,1163,2025-01-26,111
1164,1164,2025-01-05,205
1165,1165,2025-01-21,38
1166,1166,2025-01-27,101
1167,1167,2025-01-26,133
1168,1168,2024-12-27,742
1169,1169,2024-12-23,604
1170,1170,2025-02-02,24
1171,1171,2024-12-27,54
1172,1172,2024-12-26,471
1173,1173,2025-01-09,86
1174,1174,2025-01-10,207
1175,1175,2025-01-14,177
1176,1176,2024-12-30,131
1177,1177,2025-01-15,142
1178,1178,2025-01-13,91
1179,1179,2025-01-19,144
1180,1180,2025-02-08,4
1181,1181,2025-01-22,72
1182,1182,2025-01-31,16
1183,1183,2024-12-30,277
1184,1184,2025-01-30,6
1185,1185,2025-01-25,63
1186,1186,2025-01-30,63
1187,1187,2025-02-07,62
1188,1188,2025-01-29,18
1189,1189,2025-02-10,17
1190,1190,2025-01-03,57
1191,1191,2025-02-12,12
1192,1192,2025-01-28,71
1193,1193,2025-01-31,14
1194,1194,2025-01-20,101
1195,1195,2025-01-06,716
1196,1196,2025-01-12,208
1197,1197,2025-02-10,18
1198,1198,2025-01-25,59
1199,1199,2025-02-04,29
1200,1200,2025-01-10,244
1201,1201,2025-02-11,10
1202,1202,2025-01-08,183
1203,1203,2025-01-29,40
1204,1204,2025-02-10,14
1205,1205,2025-01-27,31
1206,1206,2025-01-14,1722
1207,1207,2025-02-05,18
1208,1208,2025-01-06,523
1209,1209,2025-02-11,98
1210,1210,2025-01-13,2196
1211,1211,2025-02-22,24
1212,1212,2025-02-06,10
1213,1213,2025-01-14,476
1214,1214,2025-02-02,62
1215,1215,2025-02-24,5
1216,1216,2025-02-20,10
1217,1217,2025-01-29,74
1218,1218,2025-02-02,112
1219,1219,2025-02-12,6
1220,1220,2025-01-25,225
1221,1221,2025-02-26,17
1222,1222,2025-02-28,9
1223,1223,2025-02-14,4
1224,1224,2025-02-01,65
1225,1225,2025-01-08,326
1226,1226,2025-02-03,112
1227,1227,2025-01-28,48
1228,1228,2025-01-12,113
1229,1229,2025-02-16,5
1230,1230,2025-02-25,15
1231,1231,2025-02-27,66
1232,1232,2025-01-31,236
1233,1233,2025-02-10,38
1234,1234,2025-02-14,14
1235,1235,2025-01-19,2124
1236,1236,2025-02-16,80
1237,1237,2025-02-26,58
1238,1238,2025-02-07,91
1239,1239,2025-02-21,55
1240,1240,2025-01-16,421
1241,1241,2025-02-16,16
1242,1242,2025-02-21,13
1243,1243,2025-02-03,63
1244,1244,2025-02-18,101
1245,1245,2025-02-16,29
1246,1246,2025-02-19,51
1247,1247,2025-02-04,31
1248,1248,2025-01-28,1847
1249,1249,2025-01-23,6962
1250,1250,2025-04-01,34
1251,1251,2025-02-25,104
1252,1252,2025-02-20,102
1253,1253,2025-01-26,126
1254,1254,2025-01-19,81
1255,1255,2025-02-18,68
1256,1256,2025-03-01,50
1257,1257,2025-01-23,71
1258,1258,2025-02-11,38
1259,1259,2025-03-23,18
1260,1260,2025-01-27,336
1261,1261,2025-03-16,21
1262,1262,2025-04-02,69
1263,1263,2025-02-01,193
1264,1264,2025-02-10,242
1265,1265,2025-02-04,494
1266,1266,2025-02-01,57
1267,1267,2025-02-11,64
1268,1268,2025-04-04,764
1269,1269,2025-03-07,14
1270,1270,2025-01-31,832
1271,1271,2025-02-11,50
1272,1272,2025-03-07,27
1273,1273,2025-02-24,33
1274,1274,2025-02-06,1529
1275,1275,2025-03-12,5
1276,1276,2025-02-01,1028
1277,1277,2025-02-11,137
1278,1278,2025-03-03,3
1279,1279,2025-03-17,43
1280,1280,2025-02-02,2147
1281,1281,2025-03-01,138
1282,1282,2025-03-01,16
1283,1283,2025-02-08,4042
1284,1284,2025-02-23,208
1285,1285,2025-03-15,16
1286,1286,2025-03-05,27
1287,1287,2025-02-23,148
1288,1288,2025-02-16,71
1289,1289,2025-03-08,19
1290,1290,2025-03-09,33
1291,1291,2025-03-11,23
1292,1292,2025-03-14,29
1293,1293,2025-03-29,30
1294,1294,2025-02-12,10813
1295,1295,2025-02-18,90
1296,1296,2025-02-19,239
1297,1297,2025-02-28,34
1298,1298,2025-02-24,244
1299,1299,2025-02-10,67
1300,1300,2025-02-28,111
1301,1301,2025-03-26,49
1302,1302,2025-03-02,22
1303,1303,2025-02-07,94
1304,1304,2025-03-17,299
1305,1305,2025-03-01,124
1306,1306,2025-03-19,199
1307,1307,2025-03-29,31
1308,1308,2025-02-22,5147
1309,1309,2025-02-26,373
1310,1310,2025-04-03,7
1311,1311,2025-02-10,127
1312,1312,2025-02-27,86
1313,1313,2025-02-15,602
1314,1314,2025-03-18,100
1315,1315,2025-03-25,28
1316,1316,2025-02-23,2778
1317,1317,2025-03-31,36
1318,1318,2025-03-06,27
1319,1319,2025-02-13,133
1320,1320,2025-02-22,54
1321,1321,2025-02-21,192
1322,1322,2025-03-05,423
1323,1323,2025-02-20,977
1324,1324,2025-02-18,200
1325,1325,2025-03-07,18
1326,1326,2025-03-07,186
1327,1327,2025-02-25,153
1328,1328,2025-03-26,15
1329,1329,2025-03-20,106
1330,1330,2025-03-27,44
1331,1331,2025-02-20,1524
1332,1332,2025-03-22,13
1333,1333,2025-04-23,61
1334,1334,2025-04-12,8
1335,1335,2025-03-16,32
1336,1336,2025-02-21,129
1337,1337,2025-03-31,71
1338,1338,2025-03-11,273
1339,1339,2025-02-19,171
1340,1340,2025-03-03,1622
1341,1341,2025-03-29,109
1342,1342,2025-03-31,6
1343,1343,2025-02-22,209
1344,1344,2025-03-14,90
1345,1345,2025-03-29,17
1346,1346,2025-03-09,34
1347,1347,2025-03-20,79
1348,1348,2025-03-23,21
1349,1349,2025-03-03,118
1350,1350,2025-03-16,49
1351,1351,2025-03-12,234
1352,1352,2025-03-13,90
1353,1353,2025-03-21,19
1354,1354,2025-03-18,93
1355,1355,2025-02-27,590
1356,1356,2025-04-11,15
1357,1357,2025-03-03,6902
1358,1358,2025-03-03,147
1359,1359,2025-04-11,18
1360,1360,2025-03-10,100
1361,1361,2025-03-29,32
1362,1362,2025-03-05,87
1363,1363,2025-03-13,2249
1364,1364,2025-03-03,130
1365,1365,2025-03-26,96
1366,1366,2025-03-21,21
1367,1367,2025-03-05,705
1368,1368,2025-03-31,9
1369,1369,2025-03-07,453
1370,1370,2025-04-13,23
1371,1371,2025-03-13,113
1372,1372,2025-03-16,75
1373,1373,2025-03-03,657
1374,1374,2025-03-27,59
1375,1375,2025-03-23,26
1376,1376,2025-04-20,26
1377,1377,2025-04-04,18
1378,1378,2025-04-02,49
1379,1379,2025-03-20,89
1380,1380,2025-03-20,277
1381,1381,2025-04-04,18
1382,1382,2025-04-17,26
1383,1383,2025-03-15,193
1384,1384,2025-04-03,44
1385,1385,2025-03-12,2748
1386,1386,2025-03-30,13
1387,1387,2025-04-06,49
1388,1388,2025-03-15,861
1389,1389,2025-04-11,56
1390,1390,2025-04-04,25
1391,1391,2025-03-14,808
1392,1392,2025-04-03,78
1393,1393,2025-04-17,68
1394,1394,2025-04-16,214
1395,1395,2025-03-17,54
1396,1396,2025-04-02,197
1397,1397,2025-04-02,41
1398,1398,2025-04-07,39
1399,1399,2025-03-25,140
1400,1400,2025-04-01,903
1401,1401,2025-03-19,538
1402,1402,2025-03-14,4998
1403,1403,2025-04-23,7
1404,1404,2025-04-21,2
1405,1405,2025-03-18,1140
1406,1406,2025-03-23,340
1407,1407,2025-03-14,184
1408,1408,2025-03-19,2661
1409,1409,2025-04-08,38
1410,1410,2025-04-27,12
1411,1411,2025-04-28,2
1412,1412,2025-03-17,55
1413,1413,2025-04-22,19
1414,1414,2025-04-30,10
1415,1415,2025-04-17,24
1416,1416,2025-04-08,405
1417,1417,2025-03-16,409
1418,1418,2025-04-04,100
1419,1419,2025-04-04,510
1420,1420,2025-04-19,65
1421,1421,2025-04-11,84
1422,1422,2025-04-12,27
1423,1423,2025-03-23,470
1424,1424,2025-03-30,165
1425,1425,2025-04-22,10
1426,1426,2025-04-09,236
1427,1427,2025-03-27,4750
1428,1428,2025-03-23,1810
1429,1429,2025-04-29,19
1430,1430,2025-03-20,3127
1431,1431,2025-04-05,185
1432,1432,2025-04-14,62
1433,1433,2025-03-21,428
1434,1434,2025-04-15,114
1435,1435,2025-04-19,22
1436,1436,2025-04-29,60
1437,1437,2025-04-05,109
1438,1438,2025-04-14,202
1439,1439,2025-04-13,58
1440,1440,2025-04-04,103
1441,1441,2025-03-30,861
1442,1442,2025-03-23,275
1443,1443,2025-03-22,45
1444,1444,2025-04-03,391
1445,1445,2025-04-16,10
1446,1446,2025-04-07,66
1447,1447,2025-04-10,153
1448,1448,2025-04-12,21
1449,1449,2025-05-16,16
1450,1450,2025-04-06,400
1451,1451,2025-04-27,45
1452,1452,2025-03-31,925
1453,1453,2025-05-03,7
1454,1454,2025-03-31,244
1455,1455,2025-04-14,79
1456,1456,2025-05-13,15
1457,1457,2025-04-18,30
1458,1458,2025-04-18,220
1459,1459,2025-05-14,39
1460,1460,2025-04-21,4817
1461,1461,2025-05-16,20
1462,1462,2025-04-13,155
1463,1463,2025-05-17,36
1464,1464,2025-04-10,242
1465,1465,2025-04-06,65
1466,1466,2025-04-27,13
1467,1467,2025-04-05,1145
1468,1468,2025-05-05,10
1469,1469,2025-04-20,89
1470,1470,2025-04-19,1628
1471,1471,2025-04-26,127
1472,1472,2025-04-01,171
1473,1473,2025-04-10,2841
1474,1474,2025-05-10,374
1475,1475,2025-04-29,32
1476,1476,2025-04-26,66
1477,1477,2025-05-07,16
1478,1478,2025-04-05,284
1479,1479,2025-04-02,263
1480,1480,2025-04-16,924
1481,1481,2025-05-22,206
1482,1482,2025-04-14,29
1483,1483,2025-05-05,74
1484,1484,2025-04-14,187
1485,1485,2025-04-10,352
1486,1486,2025-05-27,21
1487,1487,2025-04-20,149
1488,1488,2025-05-01,284
1489,1489,2025-04-12,482
1490,1490,2025-04-16,30
1491,1491,2025-04-13,249
1492,1492,2025-04-13,3943
1493,1493,2025-06-13,268
1494,1494,2025-05-03,64
1495,1495,2025-05-09,36
1496,1496,2025-06-12,16
1497,1497,2025-04-14,823
1498,1498,2025-05-03,9
1499,1499,2025-04-17,133
1500,1500,2025-05-05,138
1501,1501,2025-05-05,68
1502,1502,2025-05-05,39
1503,1503,2025-06-17,54
1504,1504,2025-05-03,93
1505,1505,2025-04-19,427
1506,1506,2025-04-30,37
1507,1507,2025-05-15,44
1508,1508,2025-05-02,33
1509,1509,2025-05-24,102
1510,1510,2025-05-02,101
1511,1511,2025-05-10,50
1512,1512,2025-05-14,11
1513,1513,2025-05-01,82
1514,1514,2025-05-06,81
1515,1515,2025-05-29,176
1516,1516,2025-05-17,46
1517,1517,2025-05-13,9
1518,1518,2025-05-23,22
1519,1519,2025-05-10,87
1520,1520,2025-06-07,2
1521,1521,2025-04-24,81
1522,1522,2025-04-19,380
1523,1523,2025-05-07,103
1524,1524,2025-05-14,143
1525,1525,2025-04-19,130
1526,1526,2025-04-23,1679
1527,1527,2025-05-22,49
1528,1528,2025-06-26,56
1529,1529,2025-05-15,96
1530,1530,2025-06-04,35
1531,1531,2025-06-06,12
1532,1532,2025-06-12,4
1533,1533,2025-05-14,145
1534,1534,2025-04-26,986
1535,1535,2025-06-04,4
1536,1536,2025-05-12,264
1537,1537,2025-05-24,6
1538,1538,2025-04-24,182
1539,1539,2025-05-31,16
1540,1540,2025-05-29,38
1541,1541,2025-05-20,49
1542,1542,2025-05-28,13
1543,1543,2025-05-04,598
1544,1544,2025-05-23,12
1545,1545,2025-05-10,271
1546,1546,2025-06-19,29
1547,1547,2025-05-03,181
1548,1548,2025-06-10,22
1549,1549,2025-04-30,237
1550,1550,2025-06-11,9
1551,1551,2025-05-07,288
1552,1552,2025-05-14,527
1553,1553,2025-05-18,94
1554,1554,2025-05-06,1112
1555,1555,2025-05-04,136
1556,1556,2025-05-08,106
1557,1557,2025-05-24,155
1558,1558,2025-05-22,24
1559,1559,2025-06-17,8
1560,1560,2025-05-05,157
1561,1561,2025-05-20,46
1562,1562,2025-05-05,36
1563,1563,2025-06-12,385
1564,1564,2025-06-05,95
1565,1565,2025-05-13,353
1566,1566,2025-05-24,106
1567,1567,2025-05-10,2461
1568,1568,2025-05-08,4718
1569,1569,2025-05-05,86
1570,1570,2025-05-05,117
1571,1571,2025-05-28,185
1572,1572,2025-06-23,3
1573,1573,2025-05-14,353
1574,1574,2025-05-19,226
1575,1575,2025-05-12,2853
1576,1576,2025-06-15,131
1577,1577,2025-05-15,393
1578,1578,2025-06-11,77
1579,1579,2025-05-09,187
1580,1580,2025-06-12,18
1581,1581,2025-05-22,136
1582,1582,2025-05-12,1048
1583,1583,2025-05-13,152
1584,1584,2025-06-24,100
1585,1585,2025-05-12,153
1586,1586,2025-05-15,236
1587,1587,2025-06-20,81
1588,1588,2025-05-22,64
1589,1589,2025-05-15,114
1590,1590,2025-05-22,239
1591,1591,2025-05-23,2621
1592,1592,2025-06-02,46
1593,1593,2025-06-02,41
1594,1594,2025-06-15,5
1595,1595,2025-06-07,103
1596,1596,2025-05-26,1511
1597,1597,2025-05-20,109
1598,1598,2025-05-30,60
1599,1599,2025-07-01,7
1600,1600,2025-06-01,275
1601,1601,2025-06-03,147
1602,1602,2025-05-31,119
1603,1603,2025-05-26,1534
1604,1604,2025-06-08,71
1605,1605,2025-06-21,32
1606,1606,2025-06-21,37
1607,1607,2025-06-08,84
1608,1608,2025-05-19,1297
1609,1609,2025-05-27,550
1610,1610,2025-06-08,40
1611,1611,2025-06-06,256
1612,1612,2025-06-12,37
1613,1613,2025-05-24,300
1614,1614,2025-05-26,384
1615,1615,2025-06-27,13
1616,1616,2025-06-02,474
1617,1617,2025-06-09,155
1618,1618,2025-07-07,13
1619,1619,2025-06-08,46
1620,1620,2025-06-12,73
1621,1621,2025-06-05,77
1622,1622,2025-07-14,4
1623,1623,2025-06-30,36
1624,1624,2025-07-06,1
1625,1625,2025-07-01,114
1626,1626,2025-06-14,554
1627,1627,2025-05-30,386
1628,1628,2025-06-07,875
1629,1629,2025-06-14,82
1630,1630,2025-05-28,148
1631,1631,2025-06-09,133
1632,1632,2025-07-06,70
1633,1633,2025-06-18,101
1634,1634,2025-05-29,185
1635,1635,2025-07-07,284
1636,1636,2025-07-09,5
1637,1637,2025-06-07,26
1638,1638,2025-05-28,369
1639,1639,2025-07-02,43
1640,1640,2025-07-17,160
1641,1641,2025-06-13,167
1642,1642,2025-07-02,6
1643,1643,2025-06-24,56
1644,1644,2025-06-02,1146
1645,1645,2025-06-02,98
1646,1646,2025-07-03,65
1647,1647,2025-06-20,168
1648,1648,2025-07-31,21
1649,1649,2025-08-08,9
1650,1650,2025-07-22,8
1651,1651,2025-07-12,48
1652,1652,2025-07-09,21
1653,1653,2025-06-02,49
1654,1654,2025-06-08,332
1655,1655,2025-06-19,219
1656,1656,2025-06-18,112
1657,1657,2025-07-09,58
1658,1658,2025-06-03,67
1659,1659,2025-06-03,447
1660,1660,2025-06-24,9
1661,1661,2025-06-27,73
1662,1662,2025-06-30,24
1663,1663,2025-08-01,32
1664,1664,2025-07-09,51
1665,1665,2025-07-07,18
1666,1666,2025-06-23,72
1667,1667,2025-06-09,894
1668,1668,2025-07-03,10
1669,1669,2025-07-09,38
1670,1670,2025-06-12,433
1671,1671,2025-07-01,130
1672,1672,2025-06-18,230
1673,1673,2025-06-17,27
1674,1674,2025-06-15,63
1675,1675,2025-06-17,1776
1676,1676,2025-06-04,2665
1677,1677,2025-07-04,113
1678,1678,2025-07-10,18
1679,1679,2025-06-22,202
1680,1680,2025-06-29,288
1681,1681,2025-07-13,140
1682,1682,2025-07-13,15
1683,1683,2025-06-09,228
1684,1684,2025-06-18,170
1685,1685,2025-06-26,47
1686,1686,2025-07-12,113
1687,1687,2025-07-28,12
1688,1688,2025-06-29,59
1689,1689,2025-06-12,74
1690,1690,2025-06-12,193
1691,1691,2025-06-11,225
1692,1692,2025-07-18,25
1693,1693,2025-08-08,29
1694,1694,2025-06-18,204
1695,1695,2025-06-18,190
1696,1696,2025-06-24,1888
1697,1697,2025-07-03,76
1698,1698,2025-06-22,1974
1699,1699,2025-07-11,69
1700,1700,2025-07-27,1
1701,1701,2025-06-18,284
1702,1702,2025-06-17,13
1703,1703,2025-06-28,95
1704,1704,2025-06-22,95
1705,1705,2025-06-23,400
1706,1706,2025-08-03,23
1707,1707,2025-08-11,21
1708,1708,2025-08-04,103
1709,1709,2025-07-07,7
1710,1710,2025-06-19,402
1711,1711,2025-07-27,2
1712,1712,2025-07-06,10
1713,1713,2025-07-21,101
1714,1714,2025-07-10,31
1715,1715,2025-07-11,571
1716,1716,2025-08-02,32
1717,1717,2025-06-28,148
1718,1718,2025-07-03,680
1719,1719,2025-07-07,117
1720,1720,2025-07-23,6
1721,1721,2025-08-02,43
1722,1722,2025-07-25,27
1723,1723,2025-07-17,242
1724,1724,2025-06-28,5091
1725,1725,2025-07-13,119
1726,1726,2025-07-29,53
1727,1727,2025-07-24,16
1728,1728,2025-07-09,64
1729,1729,2025-06-29,2504
1730,1730,2025-07-19,68
1731,1731,2025-07-15,199
1732,1732,2025-07-31,52
1733,1733,2025-08-14,26
1734,1734,2025-07-05,3075
1735,1735,2025-07-04,82
1736,1736,2025-07-18,294
1737,1737,2025-08-11,33
1738,1738,2025-06-30,970
1739,1739,2025-07-19,33
1740,1740,2025-07-19,1626
1741,1741,2025-07-07,2739
1742,1742,2025-08-15,39
1743,1743,2025-07-08,1148
1744,1744,2025-08-02,79
1745,1745,2025-07-07,6484
1746,1746,2025-07-25,5
1747,1747,2025-06-30,56
1748,1748,2025-07-01,499
1749,1749,2025-07-10,137
1750,1750,2025-07-09,98
1751,1751,2025-08-18,11
1752,1752,2025-07-29,8
1753,1753,2025-08-16,96
1754,1754,2025-07-30,71
1755,1755,2025-07-02,129
1756,1756,2025-07-01,98
1757,1757,2025-06-30,264
1758,1758,2025-08-09,137
1759,1759,2025-07-04,254
1760,1760,2025-07-16,259
1761,1761,2025-08-17,1969
1762,1762,2025-08-08,17
1763,1763,2025-07-08,2488
1764,1764,2025-07-29,7
1765,1765,2025-07-14,157
1766,1766,2025-07-29,77
1767,1767,2025-07-29,221
1768,1768,2025-07-28,55
1769,1769,2025-07-24,51
1770,1770,2025-08-02,29
1771,1771,2025-07-29,18
1772,1772,2025-08-22,24
1773,1773,2025-08-15,19
1774,1774,2025-07-26,184
1775,1775,2025-07-16,1227
1776,1776,2025-08-04,189
1777,1777,2025-08-04,30
1778,1778,2025-08-17,14
1779,1779,2025-08-16,41
1780,1780,2025-10-07,82
1781,1781,2025-08-13,32
1782,1782,2025-07-21,1527
1783,1783,2025-07-20,195
1784,1784,2025-08-06,132
1785,1785,2025-07-29,60
1786,1786,2025-07-16,692
1787,1787,2025-07-21,33
1788,1788,2025-08-06,228
1789,1789,2025-08-10,13
1790,1790,2025-08-17,33
1791,1791,2025-07-18,823
1792,1792,2025-08-07,22
1793,1793,2025-08-21,21
1794,1794,2025-07-16,1115
1795,1795,2025-08-21,25
1796,1796,2025-08-03,57
1797,1797,2025-07-28,115
1798,1798,2025-07-13,121
1799,1799,2025-07-19,305
1800,1800,2025-08-06,143
1801,1801,2025-09-03,6
1802,1802,2025-08-06,17
1803,1803,2025-07-28,289
1804,1804,2025-08-15,89
1805,1805,2025-08-13,24
1806,1806,2025-07-20,72
1807,1807,2025-07-22,308
1808,1808,2025-08-26,52
1809,1809,2025-08-20,35
1810,1810,2025-08-06,64
1811,1811,2025-07-25,4266
1812,1812,2025-07-27,200
1813,1813,2025-08-15,29
1814,1814,2025-07-28,236
1815,1815,2025-08-24,23
1816,1816,2025-08-03,121
1817,1817,2025-07-29,851
1818,1818,2025-08-29,51
1819,1819,2025-08-27,57
1820,1820,2025-08-04,448
1821,1821,2025-08-02,269
1822,1822,2025-08-13,129
1823,1823,2025-08-12,5
1824,1824,2025-07-26,468
1825,1825,2025-08-13,198
1826,1826,2025-08-12,157
1827,1827,2025-08-29,30
1828,1828,2025-07-30,2317
1829,1829,2025-08-10,106
1830,1830,2025-07-27,65
1831,1831,2025-08-08,126
1832,1832,2025-08-15,55
1833,1833,2025-09-08,10
1834,1834,2025-08-12,58
1835,1835,2025-08-31,10
1836,1836,2025-07-23,507
1837,1837,2025-09-05,6
1838,1838,2025-09-07,32
1839,1839,2025-08-12,144
1840,1840,2025-08-21,35
1841,1841,2025-09-12,26
1842,1842,2025-07-31,284
1843,1843,2025-08-27,87
1844,1844,2025-08-15,37
1845,1845,2025-09-08,45
1846,1846,2025-08-08,257
1847,1847,2025-08-04,2766
1848,1848,2025-08-14,43
1849,1849,2025-08-23,15
1850,1850,2025-09-04,14
1851,1851,2025-08-24,80
1852,1852,2025-08-15,83
1853,1853,2025-07-30,1967
1854,1854,2025-08-01,325
1855,1855,2025-07-26,287
1856,1856,2025-07-29,184
1857,1857,2025-08-11,744
1858,1858,2025-09-06,31
1859,1859,2025-08-25,146
1860,1860,2025-08-07,1494
1861,1861,2025-08-26,23
1862,1862,2025-08-07,546
1863,1863,2025-09-11,14
1864,1864,2025-09-15,18
1865,1865,2025-08-09,602
1866,1866,2025-09-18,19
1867,1867,2025-10-05,16
1868,1868,2025-09-29,23
1869,1869,2025-08-12,2051
1870,1870,2025-08-23,43
1871,1871,2025-08-25,137
1872,1872,2025-08-24,40
1873,1873,2025-08-24,84
1874,1874,2025-08-29,179
1875,1875,2025-09-09,2
1876,1876,2025-09-19,182
1877,1877,2025-08-10,641
1878,1878,2025-09-12,88
1879,1879,2025-09-26,3
1880,1880,2025-08-31,110
1881,1881,2025-09-02,26
1882,1882,2025-09-16,239
1883,1883,2025-08-30,80
1884,1884,2025-09-03,45
1885,1885,2025-09-09,11
1886,1886,2025-08-14,138
1887,1887,2025-08-25,216
1888,1888,2025-09-11,2
1889,1889,2025-09-04,68
1890,1890,2025-09-28,18
1891,1891,2025-08-21,1366
1892,1892,2025-09-03,99
1893,1893,2025-08-21,320
1894,1894,2025-08-30,124
1895,1895,2025-08-28,4583
1896,1896,2025-09-27,62
1897,1897,2025-08-26,88
1898,1898,2025-08-18,71
1899,1899,2025-09-01,323
1900,1900,2025-09-05,68
1901,1901,2025-09-05,108
1902,1902,2025-08-26,79
1903,1903,2025-08-19,160
1904,1904,2025-08-23,1864
1905,1905,2025-09-02,181
1906,1906,2025-10-01,49
1907,1907,2025-09-27,3
1908,1908,2025-08-20,62
1909,1909,2025-09-19,54
1910,1910,2025-09-27,9
1911,1911,2025-08-28,8254
1912,1912,2025-09-19,326
1913,1913,2025-08-22,24
1914,1914,2025-08-28,171
1915,1915,2025-10-02,39
1916,1916,2025-09-17,7
1917,1917,2025-08-27,251
1918,1918,2025-09-15,29
1919,1919,2025-09-22,56
1920,1920,2025-09-15,192
1921,1921,2025-10-01,71
1922,1922,2025-09-11,44
1923,1923,2025-09-18,103
1924,1924,2025-09-10,175
1925,1925,2025-09-14,179
1926,1926,2025-10-08,13
1927,1927,2025-10-06,7
1928,1928,2025-09-09,124
1929,1929,2025-09-13,109
1930,1930,2025-09-12,101
1931,1931,2025-09-17,74
1932,1932,2025-10-10,14
1933,1933,2025-09-09,664
1934,1934,2025-09-24,8
1935,1935,2025-09-16,36
1936,1936,2025-10-03,14
1937,1937,2025-09-28,26
1938,1938,2025-09-28,66
1939,1939,2025-09-03,138
1940,1940,2025-09-17,73
1941,1941,2025-08-31,62
1942,1942,2025-09-24,39
1943,1943,2025-09-02,97
1944,1944,2025-10-03,5
1945,1945,2025-10-02,82
1946,1946,2025-09-15,56
1947,1947,2025-09-26,5
1948,1948,2025-10-04,17
1949,1949,2025-09-18,74
1950,1950,2025-10-17,101
1951,1951,2025-09-04,124
1952,1952,2025-09-10,1395
1953,1953,2025-09-06,4420
1954,1954,2025-09-02,743
1955,1955,2025-10-02,17
1956,1956,2025-10-31,45
1957,1957,2025-09-20,52
1958,1958,2025-10-07,22
1959,1959,2025-09-15,199
1960,1960,2025-09-17,101
1961,1961,2025-09-18,43
1962,1962,2025-09-23,102
1963,1963,2025-09-25,104
1964,1964,2025-09-17,95
1965,1965,2025-10-09,57
1966,1966,2025-10-08,57
1967,1967,2025-09-19,76
1968,1968,2025-09-27,98
1969,1969,2025-09-25,276
1970,1970,2025-10-20,30
1971,1971,2025-10-15,42
1972,1972,2025-09-04,328
1973,1973,2025-09-16,314
1974,1974,2025-10-18,37
1975,1975,2025-10-21,20
1976,1976,2025-09-12,607
1977,1977,2025-10-05,63
1978,1978,2025-10-03,58
1979,1979,2025-09-09,270
1980,1980,2025-10-02,61
1981,1981,2025-09-17,1452
1982,1982,2025-10-07,8
1983,1983,2025-10-08,81
1984,1984,2025-09-30,89
1985,1985,2025-10-12,32
1986,1986,2025-10-29,16
1987,1987,2025-10-28,13
1988,1988,2025-10-11,57
1989,1989,2025-10-02,144
1990,1990,2025-09-20,265
1991,1991,2025-10-26,5
1992,1992,2025-09-20,6241
1993,1993,2025-09-18,126
1994,1994,2025-10-13,13
1995,1995,2025-10-22,8
1996,1996,2025-10-04,172
1997,1997,2025-10-07,36
1998,1998,2025-09-16,372
1999,1999,2025-10-01,159
2000,2000,2025-09-25,334
2001,2001,2025-10-27,39
2002,2002,2025-10-09,82
2003,2003,2025-09-28,4319
2004,2004,2025-10-28,10
2005,2005,2025-10-09,48
2006,2006,2025-10-11,94
2007,2007,2025-09-25,1269
2008,2008,2025-10-26,12
2009,2009,2025-10-09,104
2010,2010,2025-10-10,163
2011,2011,2025-10-16,196
2012,2012,2025-10-22,22
2013,2013,2025-10-14,45
2014,2014,2025-10-09,118
2015,2015,2025-11-06,21
2016,2016,2025-10-17,61
2017,2017,2025-10-05,101
2018,2018,2025-11-16,164
2019,2019,2025-10-09,297
2020,2020,2025-11-09,17
2021,2021,2025-10-01,3034
2022,2022,2025-10-11,49
2023,2023,2025-11-05,33
2024,2024,2025-10-26,36
2025,2025,2025-10-10,85
2026,2026,2025-10-26,20
2027,2027,2025-10-01,588
2028,2028,2025-12-04,18
2029,2029,2025-10-16,150
2030,2030,2025-11-27,14
2031,2031,2025-10-22,231
2032,2032,2025-10-17,29
2033,2033,2025-10-02,77
2034,2034,2025-10-12,1306
2035,2035,2025-10-26,64
2036,2036,2025-11-30,27
2037,2037,2025-10-06,214
2038,2038,2025-09-29,221
2039,2039,2025-11-04,393
2040,2040,2025-11-01,9
2041,2041,2025-10-22,67
2042,2042,2025-10-05,163
2043,2043,2025-10-26,207
2044,2044,2025-11-06,6
2045,2045,2025-10-25,44
2046,2046,2025-10-23,559
2047,2047,2025-10-17,251
2048,2048,2025-10-19,41
2049,2049,2025-11-19,10
2050,2050,2025-10-06,347
2051,2051,2025-10-24,492
2052,2052,2025-11-03,83
2053,2053,2025-10-25,93
2054,2054,2025-11-16,9
2055,2055,2025-10-19,228
2056,2056,2025-11-08,8
2057,2057,2025-10-30,29
2058,2058,2025-11-17,20
2059,2059,2025-11-12,78
2060,2060,2025-11-18,43
2061,2061,2025-10-29,364
2062,2062,2025-10-20,109
2063,2063,2025-11-13,4
2064,2064,2025-11-03,97
2065,2065,2025-10-16,55
2066,2066,2025-10-19,800
2067,2067,2025-10-16,57
2068,2068,2025-10-30,87
2069,2069,2025-11-01,61
2070,2070,2025-11-03,128
2071,2071,2025-10-29,38
2072,2072,2025-11-14,11
2073,2073,2025-11-24,21
2074,2074,2025-11-23,19
2075,2075,2025-11-13,35
2076,2076,2025-11-03,91
2077,2077,2025-10-26,173
2078,2078,2025-10-20,223
2079,2079,2025-11-10,154
2080,2080,2025-11-13,94
2081,2081,2025-11-13,71
2082,2082,2025-10-22,2507
2083,2083,2025-10-20,221
2084,2084,2025-11-05,68
2085,2085,2025-11-05,36
2086,2086,2025-11-22,459
2087,2087,2025-12-01,36
2088,2088,2025-10-13,89
2089,2089,2025-11-08,244
2090,2090,2025-11-21,44
2091,2091,2025-11-16,33
2092,2092,2025-11-16,83
2093,2093,2025-11-10,76
2094,2094,2025-11-12,65
2095,2095,2025-11-22,18
2096,2096,2025-11-09,441
2097,2097,2025-11-24,24
2098,2098,2025-11-03,173
2099,2099,2025-11-14,79
2100,2100,2025-11-26,32
2101,2101,2025-11-26,75
2102,2102,2025-11-20,21
2103,2103,2025-11-01,169
2104,2104,2025-11-05,62
2105,2105,2025-12-05,9
2106,2106,2025-11-14,48
2107,2107,2025-10-25,678
2108,2108,2025-11-08,145
2109,2109,2025-11-30,109
2110,2110,2025-10-25,224
2111,2111,2025-10-22,478
2112,2112,2025-12-17,39
2113,2113,2025-11-04,1454
2114,2114,2025-10-27,1599
2115,2115,2025-10-28,139
2116,2116,2025-11-13,371
2117,2117,2025-11-26,141
2118,2118,2025-11-05,2578
2119,2119,2025-11-20,77
2120,2120,2025-11-04,940
2121,2121,2025-12-13,11
2122,2122,2025-11-27,7
2123,2123,2025-11-15,117
2124,2124,2025-11-02,172
2125,2125,2025-10-24,183
2126,2126,2025-11-19,84
2127,2127,2025-11-20,127
2128,2128,2025-11-20,44
2129,2129,2025-11-15,120
2130,2130,2025-11-30,7
2131,2131,2025-11-07,315
2132,2132,2025-10-29,44
2133,2133,2025-11-09,911
2134,2134,2025-11-18,76
2135,2135,2025-11-18,224
2136,2136,2025-12-08,164
2137,2137,2025-12-14,9
2138,2138,2025-12-05,13
2139,2139,2025-12-03,13
2140,2140,2025-11-25,10
2141,2141,2025-11-06,109
2142,2142,2025-11-04,109
2143,2143,2025-11-11,273
2144,2144,2025-12-07,11
2145,2145,2025-11-10,76
2146,2146,2025-11-12,1685
2147,2147,2025-12-16,6
2148,2148,2025-12-19,25
2149,2149,2025-11-15,114
2150,2150,2025-11-25,77
2151,2151,2025-11-08,914
2152,2152,2025-11-10,3616
2153,2153,2025-11-24,271
2154,2154,2025-11-13,1291
2155,2155,2025-12-13,24
2156,2156,2025-12-03,11
2157,2157,2026-01-08,29
2158,2158,2025-11-05,122
2159,2159,2025-12-16,462
2160,2160,2025-12-13,70
2161,2161,2025-12-01,50
2162,2162,2025-12-23,4
2163,2163,2025-12-15,71
2164,2164,2026-01-15,62
2165,2165,2025-11-25,181
2166,2166,2025-11-24,71
2167,2167,2025-12-15,6
2168,2168,2025-12-14,54
2169,2169,2025-12-22,120
2170,2170,2025-12-07,85
2171,2171,2025-12-12,15
2172,2172,2025-11-14,218
2173,2173,2025-11-22,126
2174,2174,2025-12-07,44
2175,2175,2025-12-23,30
2176,2176,2025-12-16,231
2177,2177,2025-12-09,52
2178,2178,2025-12-18,32
2179,2179,2025-12-26,10
2180,2180,2025-12-06,226
2181,2181,2025-11-23,904
2182,2182,2025-12-17,57
2183,2183,2025-12-14,64
2184,2184,2026-01-01,5
2185,2185,2025-12-28,39
2186,2186,2025-12-15,31
2187,2187,2025-12-21,15
2188,2188,2025-12-15,17
2189,2189,2025-12-23,118
2190,2190,2025-11-30,165
2191,2191,2025-11-23,481
2192,2192,2025-12-18,19
2193,2193,2025-12-07,141
2194,2194,2026-01-04,10
2195,2195,2025-12-16,42
2196,2196,2026-01-31,86
2197,2197,2025-12-26,3
2198,2198,2025-12-28,177
2199,2199,2026-01-01,40
2200,2200,2026-01-02,70
2201,2201,2025-12-07,8008
2202,2202,2025-12-14,83
2203,2203,2025-12-04,3614
2204,2204,2025-12-23,39
2205,2205,2025-12-20,8
2206,2206,2025-12-28,56
2207,2207,2025-12-21,14
2208,2208,2025-12-08,46
2209,2209,2025-12-26,74
2210,2210,2025-12-28,7
2211,2211,2025-11-25,435
2212,2212,2025-11-27,64
2213,2213,2025-11-28,253
2214,2214,2025-12-05,228
2215,2215,2025-12-07,284
2216,2216,2025-11-29,62
2217,2217,2025-12-18,232
2218,2218,2025-12-31,47
2219,2219,2026-01-05,8
2220,2220,2026-01-09,4
2221,2221,2025-12-13,68
2222,2222,2026-01-02,42
2223,2223,2026-01-02,48
2224,2224,2026-01-12,31
2225,2225,2025-12-17,303
2226,2226,2025-12-27,44
2227,2227,2025-12-17,214
2228,2228,2026-01-03,59
2229,2229,2025-12-27,14
2230,2230,2026-01-13,11
2231,2231,2025-12-05,669
2232,2232,2026-01-14,20
2233,2233,2025-12-08,924
2234,2234,2025-12-05,279
2235,2235,2025-12-03,130
2236,2236,2025-12-13,391
2237,2237,2025-12-26,143
2238,2238,2025-12-29,43
2239,2239,2026-01-16,3
2240,2240,2025-12-12,978
2241,2241,2026-01-14,36
2242,2242,2026-01-27,46
2243,2243,2025-12-29,176
2244,2244,2025-12-22,323
2245,2245,2025-12-14,132
2246,2246,2026-01-25,30
2247,2247,2025-12-14,2042
2248,2248,2025-12-18,63
2249,2249,2026-01-02,126
2250,2250,2026-01-13,1563
2251,2251,2025-12-20,54
2252,2252,2026-01-18,29
2253,2253,2026-01-17,11
2254,2254,2026-01-16,7
2255,2255,2025-12-24,245
2256,2256,2026-01-18,7
2257,2257,2025-12-15,427
2258,2258,2025-12-31,64
2259,2259,2025-12-17,159
2260,2260,2026-01-07,14
2261,2261,2026-01-21,10
2262,2262,2025-12-21,975
2263,2263,2025-12-18,174
2264,2264,2025-12-15,219
2265,2265,2025-12-15,212
2266,2266,2026-01-02,109
2267,2267,2026-01-18,93
2268,2268,2026-02-20,19
2269,2269,2026-01-05,108
2270,2270,2026-01-13,41
2271,2271,2026-01-18,242
2272,2272,2026-01-20,51
2273,2273,2026-01-12,13
2274,2274,2025-12-16,241
2275,2275,2026-01-02,82
2276,2276,2026-01-17,16
2277,2277,2026-01-02,96
2278,2278,2025-12-17,291
2279,2279,2026-01-04,152
2280,2280,2026-01-21,35
2281,2281,2026-01-24,5
2282,2282,2026-01-27,15
2283,2283,2026-01-02,39
2284,2284,2025-12-20,2679
2285,2285,2026-01-08,202
2286,2286,2025-12-29,93
2287,2287,2025-12-19,66
2288,2288,2026-01-29,452
2289,2289,2025-12-31,141
2290,2290,2026-01-16,14
2291,2291,2026-01-25,61
2292,2292,2026-01-21,14
2293,2293,2026-02-03,48
2294,2294,2026-01-11,86
2295,2295,2026-02-01,19
2296,2296,2025-12-31,265
2297,2297,2026-01-01,1948
2298,2298,2026-01-28,28
2299,2299,2025-12-28,69
2300,2300,2026-01-21,52
2301,2301,2026-01-30,16
2302,2302,2026-02-14,621
2303,2303,2026-01-09,146
2304,2304,2026-01-14,51
2305,2305,2026-01-11,227
2306,2306,2026-01-19,47
2307,2307,2026-01-17,41
2308,2308,2025-12-31,395
2309,2309,2026-02-22,378
2310,2310,2026-02-14,13
2311,2311,2026-01-21,198
2312,2312,2026-01-28,23
2313,2313,2026-01-31,42
2314,2314,2026-01-24,59
2315,2315,2026-01-12,1178
2316,2316,2026-01-25,16
2317,2317,2026-01-23,92
2318,2318,2026-01-17,21
2319,2319,2026-01-26,231
2320,2320,2026-01-22,25
2321,2321,2026-02-03,21
2322,2322,2026-01-05,201
2323,2323,2026-01-26,91
2324,2324,2026-01-14,487
2325,2325,2026-02-11,6
2326,2326,2026-01-02,518
2327,2327,2026-02-11,14
2328,2328,2026-01-06,36
2329,2329,2026-01-16,217
2330,2330,2026-01-22,44
2331,2331,2026-01-21,41
2332,2332,2026-02-03,45
2333,2333,2026-01-22,717
2334,2334,2026-01-08,321
2335,2335,2026-03-08,39
2336,2336,2026-01-02,282
2337,2337,2026-01-25,143
2338,2338,2026-01-27,173
2339,2339,2026-01-23,111
2340,2340,2026-01-08,138
2341,2341,2026-02-09,592
2342,2342,2026-01-25,133
2343,2343,2026-01-31,74
2344,2344,2026-01-22,53
2345,2345,2026-02-12,43
2346,2346,2026-02-10,5
2347,2347,2026-02-01,62
2348,2348,2026-02-02,41
2349,2349,2026-01-05,268
2350,2350,2026-02-08,17
2351,2351,2026-01-20,199
2352,2352,2026-01-11,173
2353,2353,2026-02-02,14
2354,2354,2026-02-25,7
2355,2355,2026-01-15,227
2356,2356,2026-01-11,4159
2357,2357,2026-01-08,137
2358,2358,2026-01-13,2702
2359,2359,2026-03-11,903
2360,2360,2026-02-02,28
2361,2361,2026-01-10,277
2362,2362,2026-02-16,86
2363,2363,2026-01-09,111
2364,2364,2026-02-11,73
2365,2365,2026-01-31,51
2366,2366,2026-02-21,13
2367,2367,2026-03-05,287
2368,2368,2026-02-19,40
2369,2369,2026-01-20,1650
2370,2370,2026-01-30,48
2371,2371,2026-02-23,8
2372,2372,2026-01-19,214
2373,2373,2026-02-01,83
2374,2374,2026-02-17,19
2375,2375,2026-02-19,2
2376,2376,2026-01-24,347
2377,2377,2026-02-14,19
2378,2378,2026-02-10,13
2379,2379,2026-01-31,203
2380,2380,2026-02-16,17
2381,2381,2026-01-14,144
2382,2382,2026-01-16,714
2383,2383,2026-02-06,30
2384,2384,2026-02-21,16
2385,2385,2026-03-23,274
2386,2386,2026-02-24,217
2387,2387,2026-02-06,31
2388,2388,2026-02-24,20
2389,2389,2026-02-22,43
2390,2390,2026-02-13,54
2391,2391,2026-02-05,157
2392,2392,2026-02-18,31
2393,2393,2026-02-06,507
2394,2394,2026-02-12,42
2395,2395,2026-02-02,315
2396,2396,2026-02-12,139
2397,2397,2026-01-19,108
2398,2398,2026-02-10,83
2399,2399,2026-02-25,33
2400,2400,2026-01-25,190
2401,2401,2026-02-22,46
2402,2402,2026-02-05,37
2403,2403,2026-03-02,20
2404,2404,2026-02-18,76
2405,2405,2026-01-20,57
2406,2406,2026-02-19,10
2407,2407,2026-02-09,50
2408,2408,2026-01-26,191
2409,2409,2026-01-23,113
2410,2410,2026-02-16,192
2411,2411,2026-02-09,60
2412,2412,2026-02-19,13
2413,2413,2026-02-13,62
2414,2414,2026-02-24,11
2415,2415,2026-01-29,1716
2416,2416,2026-01-29,60
2417,2417,2026-02-22,14
2418,2418,2026-03-12,19
2419,2419,2026-02-23,27
2420,2420,2026-03-17,118
2421,2421,2026-03-07,19
2422,2422,2026-02-15,43
2423,2423,2026-03-06,20
2424,2424,2026-02-16,176
2425,2425,2026-02-17,171
2426,2426,2026-03-05,57
2427,2427,2026-02-05,66
2428,2428,2026-03-06,54
2429,2429,2026-03-10,10
2430,2430,2026-02-19,151
2431,2431,2026-03-03,12
2432,2432,2026-02-24,53
2433,2433,2026-02-06,75
2434,2434,2026-02-21,197
2435,2435,2026-03-25,47
2436,2436,2026-03-04,30
2437,2437,2026-02-25,27
2438,2438,2026-02-20,2806
2439,2439,2026-02-07,47
2440,2440,2026-02-27,169
2441,2441,2026-03-21,12
2442,2442,2026-03-02,11
2443,2443,2026-03-11,35
2444,2444,2026-01-30,58
2445,2445,2026-02-12,87
2446,2446,2026-02-07,318
2447,2447,2026-03-15,14
2448,2448,2026-03-13,20
2449,2449,2026-03-10,32
2450,2450,2026-03-06,35
2451,2451,2026-02-10,1666
2452,2452,2026-03-24,8
2453,2453,2026-03-11,26
2454,2454,2026-03-09,187
2455,2455,2026-02-24,111
2456,2456,2026-03-05,82
2457,2457,2026-02-14,1598
2458,2458,2026-02-17,136
2459,2459,2026-02-27,57
2460,2460,2026-02-13,139
2461,2461,2026-02-22,702
2462,2462,2026-03-09,13
2463,2463,2026-02-09,27
2464,2464,2026-02-20,45
2465,2465,2026-02-12,60
2466,2466,2026-02-17,193
2467,2467,2026-02-10,157
2468,2468,2026-02-17,980
2469,2469,2026-02-15,4044
2470,2470,2026-02-18,266
2471,2471,2026-02-14,137
2472,2472,2026-03-23,3
2473,2473,2026-02-17,48
2474,2474,2026-03-26,47
2475,2475,2026-04-11,15
2476,2476,2026-03-24,12
2477,2477,2026-03-21,53
2478,2478,2026-03-19,57
2479,2479,2026-03-25,12
2480,2480,2026-02-18,317
2481,2481,2026-02-19,713
2482,2482,2026-03-06,188
2483,2483,2026-02-12,165
2484,2484,2026-03-16,22
2485,2485,2026-02-23,401
2486,2486,2026-03-18,11
2487,2487,2026-02-15,226
2488,2488,2026-02-21,493
2489,2489,2026-03-24,9
2490,2490,2026-04-15,15
2491,2491,2026-03-19,6
2492,2492,2026-03-08,58
2493,2493,2026-04-14,6
2494,2494,2026-04-02,17
2495,2495,2026-02-26,1048
2496,2496,2026-02-18,75
2497,2497,2026-03-01,55
2498,2498,2026-02-23,464
2499,2499,2026-02-21,733
2500,2500,2026-03-01,149
2501,2501,2026-02-24,1052
2502,2502,2026-03-09,223
2503,2503,2026-02-17,683
2504,2504,2026-05-29,19
2505,2505,2026-03-27,14
2506,2506,2026-03-02,750
2507,2507,2026-04-22,45
2508,2508,2026-03-25,12
2509,2509,2026-03-23,12
2510,2510,2026-03-27,23
2511,2511,2026-03-10,73
2512,2512,2026-03-26,11
2513,2513,2026-02-20,174
2514,2514,2026-03-16,26
2515,2515,2026-03-31,26
2516,2516,2026-03-28,1805
2517,2517,2026-02-27,471
2518,2518,2026-03-11,60
2519,2519,2026-02-22,966
2520,2520,2026-03-22,26
2521,2521,2026-03-22,16
2522,2522,2026-03-10,361
2523,2523,2026-02-26,658
2524,2524,2026-03-12,32
2525,2525,2026-03-15,69
2526,2526,2026-03-04,437
2527,2527,2026-02-25,72
2528,2528,2026-04-04,14
2529,2529,2026-04-14,32
2530,2530,2026-03-19,118
2531,2531,2026-03-03,2505
2532,2532,2026-02-26,131
2533,2533,2026-03-15,70
2534,2534,2026-03-27,131
2535,2535,2026-03-21,30
2536,2536,2026-03-23,114
2537,2537,2026-04-04,9
2538,2538,2026-03-16,579
2539,2539,2026-03-20,269
2540,2540,2026-03-26,270
2541,2541,2026-04-12,8
2542,2542,2026-04-21,10
2543,2543,2026-03-04,94
2544,2544,2026-03-28,139
2545,2545,2026-03-16,106
2546,2546,2026-03-07,521
2547,2547,2026-04-17,8
2548,2548,2026-03-06,1110
2549,2549,2026-03-09,101
2550,2550,2026-03-27,18
2551,2551,2026-04-07,14
2552,2552,2026-03-18,162
2553,2553,2026-04-06,27
2554,2554,2026-04-11,12
2555,2555,2026-03-10,1369
2556,2556,2026-03-11,1327
2557,2557,2026-03-08,206
2558,2558,2026-04-12,25
2559,2559,2026-04-23,5
2560,2560,2026-04-04,55
2561,2561,2026-03-24,35
2562,2562,2026-04-13,5
2563,2563,2026-03-23,115
2564,2564,2026-04-24,21
2565,2565,2026-03-28,140
2566,2566,2026-04-21,32
2567,2567,2026-03-18,170
2568,2568,2026-03-29,34
2569,2569,2026-04-04,92
2570,2570,2026-04-01,41
2571,2571,2026-03-17,49
2572,2572,2026-03-13,241
2573,2573,2026-03-14,169
2574,2574,2026-03-29,103
2575,2575,2026-04-29,20
2576,2576,2026-04-27,1
2577,2577,2026-06-02,15
2578,2578,2026-04-15,31
2579,2579,2026-04-19,1190
2580,2580,2026-04-15,35
2581,2581,2026-03-16,372
2582,2582,2026-03-17,23
2583,2583,2026-04-16,16
2584,2584,2026-04-01,261
2585,2585,2026-04-29,5
2586,2586,2026-04-15,30
2587,2587,2026-05-11,8
2588,2588,2026-03-21,76
2589,2589,2026-03-25,872
2590,2590,2026-05-19,23
2591,2591,2026-03-25,3608
2592,2592,2026-03-12,304
2593,2593,2026-03-31,111
2594,2594,2026-04-02,544
2595,2595,2026-03-21,355
2596,2596,2026-04-26,51
2597,2597,2026-04-09,97
2598,2598,2026-04-16,19
2599,2599,2026-03-24,196
2600,2600,2026-03-22,45
2601,2601,2026-04-29,12
2602,2602,2026-04-08,299
2603,2603,2026-03-28,335
2604,2604,2026-04-20,36
2605,2605,2026-04-05,235
2606,2606,2026-04-17,190
2607,2607,2026-04-15,405
2608,2608,2026-04-15,85
2609,2609,2026-04-10,68
2610,2610,2026-03-31,69
2611,2611,2026-03-26,155
2612,2612,2026-04-02,94
2613,2613,2026-05-07,26
2614,2614,2026-04-14,109
2615,2615,2026-04-26,22
2616,2616,2026-04-06,206
2617,2617,2026-03-28,241
2618,2618,2026-04-08,902
2619,2619,2026-05-07,134
2620,2620,2026-04-18,109
2621,2621,2026-04-07,270
2622,2622,2026-04-12,93
2623,2623,2026-05-10,11
2624,2624,2026-04-06,148
2625,2625,2026-04-19,133
2626,2626,2026-04-14,81
2627,2627,2026-04-10,156
2628,2628,2026-04-05,61
2629,2629,2026-04-21,69
2630,2630,2026-05-07,5
2631,2631,2026-04-06,505
2632,2632,2026-04-23,218
2633,2633,2026-04-14,227
2634,2634,2026-04-23,53
2635,2635,2026-05-12,72
2636,2636,2026-04-10,7843
2637,2637,2026-04-15,366
2638,2638,2026-04-15,582
2639,2639,2026-05-16,12
2640,2640,2026-05-10,197
2641,2641,2026-04-17,144
2642,2642,2026-05-12,37
2643,2643,2026-04-02,178
2644,2644,2026-05-20,23
2645,2645,2026-05-08,15
2646,2646,2026-05-14,44
2647,2647,2026-04-14,629
2648,2648,2026-05-03,180
2649,2649,2026-04-12,256
2650,2650,2026-05-07,30
2651,2651,2026-05-17,70
2652,2652,2026-04-28,57
2653,2653,2026-05-24,25
2654,2654,2026-04-13,75
2655,2655,2026-05-18,16
2656,2656,2026-05-06,86
2657,2657,2026-05-04,79
2658,2658,2026-05-03,26
2659,2659,2026-04-23,2395
2660,2660,2026-04-24,398
2661,2661,2026-04-18,108
2662,2662,2026-04-25,1258
2663,2663,2026-05-06,36
2664,2664,2026-05-22,56
2665,2665,2026-05-27,35
2666,2666,2026-04-25,2058
2667,2667,2026-06-24,7
2668,2668,2026-04-27,1311
2669,2669,2026-05-18,32
2670,2670,2026-05-04,214
2671,2671,2026-05-31,16
2672,2672,2026-05-29,97
2673,2673,2026-05-11,9
2674,2674,2026-05-03,47
2675,2675,2026-05-23,235
2676,2676,2026-05-11,94
2677,2677,2026-05-06,111
2678,2678,2026-05-05,141
2679,2679,2026-04-25,2722
2680,2680,2026-04-23,138
2681,2681,2026-06-05,41
2682,2682,2026-04-23,182
2683,2683,2026-04-25,3698
2684,2684,2026-05-29,563
2685,2685,2026-05-11,19
2686,2686,2026-06-29,11
2687,2687,2026-05-06,405
2688,2688,2026-05-06,97
2689,2689,2026-05-06,156
2690,2690,2026-04-30,83
2691,2691,2026-05-31,43
2692,2692,2026-05-30,54
2693,2693,2026-05-21,30
2694,2694,2026-04-24,192
2695,2695,2026-04-29,253
2696,2696,2026-05-09,25
2697,2697,2026-05-05,14
2698,2698,2026-05-30,324
2699,2699,2026-05-13,76
2700,2700,2026-05-02,2235
2701,2701,2026-05-16,100
2702,2702,2026-05-10,211
2703,2703,2026-04-27,81
2704,2704,2026-04-23,49
2705,2705,2026-05-22,382
2706,2706,2026-05-21,26
2707,2707,2026-06-05,18
2708,2708,2026-04-30,248
2709,2709,2026-05-18,45
2710,2710,2026-05-25,54
2711,2711,2026-06-01,7
2712,2712,2026-05-13,190
2713,2713,2026-05-11,303
2714,2714,2026-05-02,1210
2715,2715,2026-05-08,1435
2716,2716,2026-05-01,1625
2717,2717,2026-06-02,58
2718,2718,2026-05-12,123
2719,2719,2026-06-01,207
2720,2720,2026-06-25,19
2721,2721,2026-05-20,1049
2722,2722,2026-06-16,23
2723,2723,2026-05-01,63
2724,2724,2026-06-10,31
2725,2725,2026-05-30,52
2726,2726,2026-05-05,1167
2727,2727,2026-06-28,21
2728,2728,2026-06-09,37
2729,2729,2026-05-07,5495
2730,2730,2026-05-05,300
2731,2731,2026-05-04,311
2732,2732,2026-06-26,10
2733,2733,2026-05-10,2542
2734,2734,2026-06-14,36
2735,2735,2026-05-06,136
2736,2736,2026-05-22,366
2737,2737,2026-05-18,91
2738,2738,2026-06-19,18
2739,2739,2026-06-17,69
2740,2740,2026-05-27,151
2741,2741,2026-06-05,25
2742,2742,2026-07-06,40
2743,2743,2026-06-15,25
2744,2744,2026-05-16,794
2745,2745,2026-05-24,88
2746,2746,2026-06-20,7
2747,2747,2026-05-31,50
2748,2748,2026-06-04,68
2749,2749,2026-05-28,109
2750,2750,2026-05-17,631
2751,2751,2026-05-15,402
2752,2752,2026-06-08,19
2753,2753,2026-05-28,260
2754,2754,2026-06-11,31
2755,2755,2026-05-15,678
2756,2756,2026-05-08,268
2757,2757,2026-05-17,127
2758,2758,2026-05-29,81
2759,2759,2026-06-01,182
2760,2760,2026-06-03,74
2761,2761,2026-06-15,59
2762,2762,2026-05-28,10
2763,2763,2026-06-24,12
2764,2764,2026-05-26,218
2765,2765,2026-06-18,21
2766,2766,2026-05-22,327
2767,2767,2026-06-06,113
2768,2768,2026-05-17,52
2769,2769,2026-05-25,446
2770,2770,2026-06-08,95
2771,2771,2026-06-03,125
2772,2772,2026-05-25,173
2773,2773,2026-07-04,36
2774,2774,2026-06-18,23
2775,2775,2026-06-07,70
2776,2776,2026-05-16,154
2777,2777,2026-06-04,272
2778,2778,2026-06-16,36
2779,2779,2026-07-17,8
2780,2780,2026-06-05,88
2781,2781,2026-06-10,340
2782,2782,2026-05-23,203
2783,2783,2026-05-27,537
2784,2784,2026-06-20,166
2785,2785,2026-07-04,7
2786,2786,2026-07-05,29
2787,2787,2026-05-27,2093
2788,2788,2026-05-27,141
2789,2789,2026-05-23,117
2790,2790,2026-05-22,96
2791,2791,2026-07-04,21
2792,2792,2026-05-28,334
2793,2793,2026-06-02,362
2794,2794,2026-05-27,271
2795,2795,2026-06-14,45
2796,2796,2026-06-29,69
2797,2797,2026-07-09,15
2798,2798,2026-06-16,50
2799,2799,2026-06-02,77
2800,2800,2026-07-05,56
2801,2801,2026-05-30,141
2802,2802,2026-06-01,37
2803,2803,2026-07-05,20
2804,2804,2026-06-11,179
2805,2805,2026-06-24,16
2806,2806,2026-07-11,6
2807,2807,2026-05-27,39
2808,2808,2026-05-30,862
2809,2809,2026-06-08,1065
2810,2810,2026-06-01,572
2811,2811,2026-07-13,3
2812,2812,2026-07-08,189
2813,2813,2026-07-02,72
2814,2814,2026-06-23,18
2815,2815,2026-05-30,345
2816,2816,2026-07-14,53
2817,2817,2026-06-02,335
2818,2818,2026-07-13,35
2819,2819,2026-06-02,82
2820,2820,2026-07-18,15
2821,2821,2026-07-16,126
2822,2822,2026-05-31,192
2823,2823,2026-07-03,20
2824,2824,2026-06-02,246
2825,2825,2026-06-10,156
2826,2826,2026-06-06,72
2827,2827,2026-06-16,88
2828,2828,2026-07-15,74
2829,2829,2026-07-18,21
2830,2830,2026-07-11,11
2831,2831,2026-06-08,3003
2832,2832,2026-08-10,20
2833,2833,2026-07-07,11
2834,2834,2026-06-04,41
2835,2835,2026-06-25,66
2836,2836,2026-07-19,6
2837,2837,2026-07-01,43
2838,2838,2026-06-13,78
2839,2839,2026-07-06,48
2840,2840,2026-06-10,5930
2841,2841,2026-06-06,1129
2842,2842,2026-06-09,203
2843,2843,2026-06-23,26
2844,2844,2026-06-28,60
2845,2845,2026-06-26,55
2846,2846,2026-07-04,32
2847,2847,2026-06-30,2082
2848,2848,2026-06-04,18
2849,2849,2026-06-09,171
2850,2850,2026-06-11,254
2851,2851,2026-07-24,15
2852,2852,2026-06-30,40
2853,2853,2026-07-04,142
2854,2854,2026-07-05,47
2855,2855,2026-07-10,39
2856,2856,2026-07-23,6
2857,2857,2026-06-30,109
2858,2858,2026-07-04,50
2859,2859,2026-08-02,5
2860,2860,2026-06-13,799
2861,2861,2026-06-30,47
2862,2862,2026-07-30,14
2863,2863,2026-06-25,644
2864,2864,2026-07-04,29
2865,2865,2026-07-22,6
2866,2866,2026-06-13,803
2867,2867,2026-06-17,150
2868,2868,2026-06-17,372
2869,2869,2026-06-19,79
2870,2870,2026-07-06,23
2871,2871,2026-07-27,332
2872,2872,2026-06-29,1461
2873,2873,2026-06-20,7816
2874,2874,2026-07-20,65
2875,2875,2026-06-14,74
2876,2876,2026-07-22,27
2877,2877,2026-06-25,1704
2878,2878,2026-06-21,79
2879,2879,2026-07-11,45
2880,2880,2026-07-04,3365
2881,2881,2026-06-25,3694
2882,2882,2026-06-24,93
2883,2883,2026-06-29,104
2884,2884,2026-07-08,361
2885,2885,2026-06-21,146
2886,2886,2026-07-03,141
2887,2887,2026-07-29,216
2888,2888,2026-07-05,2732
2889,2889,2026-06-30,1091
2890,2890,2026-07-10,208
2891,2891,2026-06-24,206
2892,2892,2026-06-26,519
2893,2893,2026-07-19,51
2894,2894,2026-06-25,894
2895,2895,2026-07-04,391
2896,2896,2026-07-26,29
2897,2897,2026-06-26,65
2898,2898,2026-07-18,48
2899,2899,2026-08-12,25
2900,2900,2026-08-09,22
2901,2901,2026-07-05,111
2902,2902,2026-08-20,61
2903,2903,2026-07-22,124
2904,2904,2026-08-10,23
2905,2905,2026-07-11,257
2906,2906,2026-07-07,34
2907,2907,2026-07-17,79
2908,2908,2026-07-02,2571
2909,2909,2026-07-06,97
2910,2910,2026-08-05,323
2911,2911,2026-07-08,179
2912,2912,2026-07-18,499
2913,2913,2026-07-21,126
2914,2914,2026-06-29,195
2915,2915,2026-07-25,116
2916,2916,2026-08-12,173
2917,2917,2026-07-26,315
2918,2918,2026-08-15,18
2919,2919,2026-09-01,128
2920,2920,2026-07-09,255
2921,2921,2026-07-20,34
2922,2922,2026-08-10,29
2923,2923,2026-07-14,254
2924,2924,2026-08-11,82
2925,2925,2026-07-10,400
2926,2926,2026-08-01,99
2927,2927,2026-07-08,161
2928,2928,2026-07-31,26
2929,2929,2026-07-30,79
2930,2930,2026-07-26,579
2931,2931,2026-07-30,80
2932,2932,2026-08-14,109
2933,2933,2026-07-17,97
2934,2934,2026-07-07,206
2935,2935,2026-07-18,4228
2936,2936,2026-07-12,71
2937,2937,2026-07-09,98
2938,2938,2026-07-30,145
2939,2939,2026-07-09,128
2940,2940,2026-07-28,67
2941,2941,2026-07-12,1390
2942,2942,2026-07-18,149
2943,2943,2026-08-07,80
2944,2944,2026-08-20,8
2945,2945,2026-07-19,97
2946,2946,2026-08-10,28
2947,2947,2026-08-25,23
2948,2948,2026-08-18,68
2949,2949,2026-07-16,1173
2950,2950,2026-08-01,107
2951,2951,2026-08-28,13
2952,2952,2026-07-28,313
2953,2953,2026-08-15,4
2954,2954,2026-07-23,199
2955,2955,2026-08-07,17
2956,2956,2026-08-27,12
2957,2957,2026-07-23,35
2958,2958,2026-07-24,108
2959,2959,2026-07-18,131
2960,2960,2026-08-08,219
2961,2961,2026-08-20,17
2962,2962,2026-08-27,201
2963,2963,2026-07-14,129
2964,2964,2026-07-30,952
2965,2965,2026-07-26,183
2966,2966,2026-08-24,86
2967,2967,2026-07-27,127
2968,2968,2026-07-31,383
2969,2969,2026-08-05,472
2970,2970,2026-07-29,58
2971,2971,2026-08-13,24
2972,2972,2026-08-16,33
2973,2973,2026-08-05,115
2974,2974,2026-08-26,74
2975,2975,2026-08-30,193
2976,2976,2026-07-24,267
2977,2977,2026-07-25,92
2978,2978,2026-07-29,150
2979,2979,2026-07-25,1261
2980,2980,2026-08-09,181
2981,2981,2026-08-28,5
2982,2982,2026-08-24,19
2983,2983,2026-09-13,9
2984,2984,2026-08-12,89
2985,2985,2026-09-08,65
2986,2986,2026-07-21,57
2987,2987,2026-07-25,243
2988,2988,2026-08-24,6
2989,2989,2026-07-27,537
2990,2990,2026-07-28,587
2991,2991,2026-08-26,31
2992,2992,2026-09-06,8
2993,2993,2026-08-14,128
2994,2994,2026-08-25,16
2995,2995,2026-09-02,242
2996,2996,2026-07-29,3310
2997,2997,2026-07-31,96
2998,2998,2026-08-14,110
2999,2999,2026-08-26,60
3000,3000,2026-07-24,51
3001,3001,2026-09-06,13
3002,3002,2026-07-29,1172
3003,3003,2026-08-10,125
3004,3004,2026-08-22,10
3005,3005,2026-08-02,1438
3006,3006,2026-07-29,149
3007,3007,2026-08-03,1064
3008,3008,2026-09-03,224
3009,3009,2026-08-29,44
3010,3010,2026-08-31,12
3011,3011,2026-08-19,239
3012,3012,2026-08-07,52
3013,3013,2026-08-26,51
3014,3014,2026-09-11,31
3015,3015,2026-08-06,161
3016,3016,2026-09-14,14
3017,3017,2026-08-04,410
3018,3018,2026-08-11,267
3019,3019,2026-07-30,82
3020,3020,2026-09-14,14
3021,3021,2026-08-25,81
3022,3022,2026-09-08,9
3023,3023,2026-08-05,175
3024,3024,2026-08-02,52
3025,3025,2026-08-26,129
3026,3026,2026-08-21,140
3027,3027,2026-08-10,116
3028,3028,2026-09-24,47
3029,3029,2026-08-07,1787
3030,3030,2026-08-19,141
3031,3031,2026-09-05,314
3032,3032,2026-08-05,703
3033,3033,2026-08-12,485
3034,3034,2026-08-09,780
3035,3035,2026-08-15,101
3036,3036,2026-09-01,39
3037,3037,2026-08-24,460
3038,3038,2026-08-18,72
3039,3039,2026-08-10,1058
3040,3040,2026-08-12,359
3041,3041,2026-08-31,54
3042,3042,2026-09-05,42
3043,3043,2026-08-27,104
3044,3044,2026-08-23,72
3045,3045,2026-09-01,132
3046,3046,2026-08-11,105
3047,3047,2026-09-14,493
3048,3048,2026-08-22,293
3049,3049,2026-08-15,63
3050,3050,2026-09-21,11
3051,3051,2026-08-16,1744
3052,3052,2026-09-27,11
3053,3053,2026-09-02,62
3054,3054,2026-09-21,81
3055,3055,2026-09-16,12
3056,3056,2026-09-04,39
3057,3057,2026-08-20,2045
3058,3058,2026-08-21,1094
3059,3059,2026-09-07,296
3060,3060,2026-08-17,114
3061,3061,2026-08-23,1990
3062,3062,2026-08-19,85
3063,3063,2026-09-19,18
3064,3064,2026-09-21,11
3065,3065,2026-09-05,394
3066,3066,2026-09-04,47
3067,3067,2026-09-09,71
3068,3068,2026-09-16,7
3069,3069,2026-08-27,1073
3070,3070,2026-09-28,34
3071,3071,2026-09-25,22
3072,3072,2026-09-02,99
3073,3073,2026-08-27,327
3074,3074,2026-09-13,147
3075,3075,2026-09-08,38
3076,3076,2026-08-25,4185
3077,3077,2026-09-02,228
3078,3079,2026-09-01,46
3079,3080,2026-09-10,36
3080,3081,2026-09-08,467
3081,3082,2026-09-01,902
3082,3083,2026-08-26,86
3083,3084,2026-09-09,31
3084,3085,2026-09-24,11
3085,3086,2026-09-14,73
3086,3087,2026-09-19,106
3087,3088,2026-09-12,28
3088,3089,2026-08-29,724
3089,3090,2026-09-19,39
3090,3092,2026-09-14,53
3091,3093,2026-08-28,53
3092,3094,2026-09-06,146
3093,3095,2026-09-02,500
3094,3096,2026-08-23,119
3095,3097,2026-09-08,138
3096,3098,2026-09-06,649
3097,3099,2026-09-11,63
3098,3100,2026-08-31,323
3099,3101,2026-08-30,213
3100,3102,2026-09-11,69
3101,3103,2026-09-01,27
3102,3104,2026-09-18,72
3103,3105,2026-09-09,146
3104,3106,2026-09-19,136
3105,3107,2026-09-18,186
3106,3108,2026-09-30,18
3107,3112,2026-09-01,77
3108,3113,2026-09-26,200
3109,3114,2026-09-13,252
3110,3116,2026-09-07,109
3111,3118,2026-09-23,119
3112,3119,2026-09-12,130
3113,3120,2026-09-21,193
3114,3121,2026-09-05,543
3115,3122,2026-09-12,108
3116,3124,2026-09-18,380
3117,3125,2026-08-31,428
3118,3126,2026-09-04,322
3119,3127,2026-09-29,11
3120,3128,2026-09-04,169
3121,3130,2026-09-09,144
3122,3135,2026-09-04,273
3123,3136,2026-09-17,83
3124,3137,2026-09-09,384
3125,3139,2026-09-15,1173
3126,3140,2026-09-29,3518
3127,3142,2026-09-29,217
3128,3147,2026-09-11,255
3129,3149,2026-09-19,354
3130,3156,2026-09-11,1784
3131,3157,2026-09-19,69
3132,3160,2026-09-22,447
3133,3162,2026-09-26,2639
3134,3166,2026-09-25,126
3135,3169,2026-09-27,55
3136,3173,2026-09-15,200
3137,3175,2026-09-25,23
3138,3180,2026-09-19,290
3139,3183,2026-09-29,3885
